Name,DOB,Club,gender,result,discipline,date,competition_id,result_id
Orlando Huffman,06-30-98,Wisla Plock,M,227.94,1500,06-30-18,61,24
Astra Snow,11-07-89,Pogon Szczecin,F,168.53,1000,06-30-18,61,50
Kimberley Marsh,12-23-87,Sandecja Nowy Sacz,F,126.45,800,06-30-18,61,222
Karen Christensen,06-06-89,Gornik Zabrze,F,128.04,800,06-30-18,61,276
Willa Bray,08-09-98,Sandecja Nowy Sacz,F,264.19,1500,06-30-18,61,326
Warren Bowman,02-14-89,Lechia Gdansk,M,105.59,800,06-30-18,61,418
Breanna Nolan,12-20-87,Lech Poznan,F,131.08,800,06-30-18,61,426
Indira Mercado,11-26-00,Pogon Szczecin,F,176.19,1000,06-30-18,61,547
Murphy Hubbard,08-27-89,Lech Poznan,M,47.42,400,06-30-18,61,558
Lacey Martin,10-31-87,Jagiellonia Bialystok,F,23.33,200,06-30-18,61,680
Felicia Barnes,04-08-93,Lechia Gdansk,F,246.73,1500,06-30-18,61,692
September Blackburn,03-14-96,Jagiellonia Bialystok,F,266.67,1500,06-30-18,61,888
Benjamin Mccarthy,03-14-03,Legia Warsawa,M,22.91,200,06-30-18,61,895
Sawyer Baxter,03-23-01,Lechia Gdansk,M,151.98,1000,06-30-18,61,1221
TaShya Cleveland,05-13-87,Wisla Krakowa,F,14.99,100,06-30-18,61,1299
Adam Black,09-22-93,Lechia Gdansk,M,239.97,1500,06-30-18,61,1442
Tiger Hood,07-06-80,Lechia Gdansk,M,10.51,100,06-30-18,61,1453
Olga Vaughan,11-07-90,Wisla Krakowa,F,12.67,100,06-30-18,61,1501
Anastasia Garner,06-20-93,Sandecja Nowy Sacz,F,192.27,1000,06-30-18,61,1529
Lesley Franklin,11-29-01,Lech Poznan,F,51.86,400,06-30-18,61,1639
Gemma Jones,01-13-03,Legia Warsawa,F,54.72,400,06-30-18,61,1655
Samuel Sharpe,10-20-83,Lech Poznan,M,150.94,1000,06-30-18,61,1663
Aquila Vaughn,01-19-88,Gornik Zabrze,M,10.79,100,06-30-18,61,1879
Ezra Peters,02-05-98,Slask Wroclaw,M,49.68,400,06-30-18,61,1884
Anjolie Cooley,05-03-89,Lechia Gdansk,F,24.01,200,06-30-18,61,2070
Noelle Thompson,03-04-98,Lech Poznan,F,23.22,200,06-30-18,61,2075
Blake Warner,08-13-88,Gornik Zabrze,M,156.6,1000,06-30-18,61,2077
Ciara Sims,09-12-02,Korona Kielce,F,55.78,400,06-30-18,61,2220
Brenda Dodson,05-01-98,Lechia Gdansk,F,169.04,1000,06-30-18,61,2311
Rigel Odom,09-23-93,Korona Kielce,M,110.85,800,06-30-18,61,2459
Hashim Ballard,09-02-94,Cracovia,M,22.64,200,06-30-18,61,2569
Florence Huff,04-11-84,Jagiellonia Bialystok,F,246.98,1500,06-30-18,61,2663
May Beach,04-20-94,Legia Warsawa,F,128.99,800,06-30-18,61,2803
Jaime Parker,11-18-96,Wisla Krakowa,F,134.56,800,06-30-18,61,2884
Tiger Payne,09-16-98,Arka Gdynia,M,109.34,800,06-30-18,61,2936
Tiger Payne,09-16-98,Arka Gdynia,M,11.45,100,06-30-18,61,3002
Gage Solis,11-21-94,Jagiellonia Bialystok,M,20.87,200,06-30-18,61,3007
Lenore Mclaughlin,08-16-91,Lechia Gdansk,F,138.04,800,06-30-18,61,3133
Austin Pate,05-21-99,Wisla Plock,M,148.7,1000,06-30-18,61,3159
Leslie Chan,06-24-86,Slask Wroclaw,F,23.67,200,06-30-18,61,3319
Drake Neal,03-06-83,Korona Kielce,M,10.93,100,06-30-18,61,3345
Todd Jenkins,02-14-87,Wisla Krakowa,M,149.54,1000,06-30-18,61,3466
Curran Ellis,06-15-86,Legia Warsawa,M,11.79,100,06-30-18,61,3603
Ferris Hudson,11-15-82,Arka Gdynia,M,46.37,400,06-30-18,61,3798
William Kent,09-10-01,Cracovia,M,21.58,200,06-30-18,61,3815
India Vega,07-28-00,Korona Kielce,F,12.01,100,06-30-18,61,3820
Erich Joseph,08-25-02,Piast Gliwice,M,11.05,100,06-30-18,61,4138
Xander Underwood,03-13-00,Arka Gdynia,M,217.22,1500,06-30-18,61,4214
Maia Lynn,11-21-89,Pogon Szczecin,F,52.99,400,06-30-18,61,4234
Trevor Bell,07-13-86,Cracovia,M,110.4,800,06-30-18,61,4287
Harlan Kline,12-28-01,Jagiellonia Bialystok,M,12.85,100,06-30-18,61,4674
Bree Stark,01-17-91,Jagiellonia Bialystok,F,51.77,400,06-30-18,61,4766
Miriam Boyer,03-16-98,Jagiellonia Bialystok,F,169.63,1000,06-30-18,61,4898
Keaton Wise,11-10-95,Wisla Plock,M,20.15,200,06-30-18,61,5051
Jacob Kirk,05-13-82,Cracovia,M,50.45,400,06-30-18,61,5059
Tiger Bell,06-03-90,Arka Gdynia,M,154.01,1000,06-30-18,61,5099
Rebekah Anderson,07-14-85,Korona Kielce,F,23.44,200,06-30-18,61,5205
Karen Christensen,06-06-89,Gornik Zabrze,F,138.88,800,06-30-18,61,5313
Bradley Mcclain,04-11-99,Korona Kielce,M,153.85,1000,06-30-18,61,5330
Finn Chapman,04-28-94,Gornik Zabrze,M,48.36,400,06-30-18,61,5383
Lunea Mathis,04-22-00,Wisla Plock,F,51.38,400,06-30-18,61,5443
Francis Sutton,10-16-02,Pogon Szczecin,M,105.18,800,06-30-18,61,5485
Odysseus Terrell,05-17-89,Jagiellonia Bialystok,M,21.95,200,06-30-18,61,5628
Jada Whitney,02-15-91,Slask Wroclaw,F,260.98,1500,06-30-18,61,5795
Britanney Pope,10-21-01,Pogon Szczecin,F,136.51,800,06-30-18,61,5854
Burton Ball,06-12-03,Pogon Szczecin,M,108.06,800,06-30-18,61,5899
Roary Bean,03-08-96,Legia Warsawa,F,184.84,1000,06-30-18,61,5917
Ursula Humphrey,03-30-94,Wisla Plock,F,137.31,800,06-30-18,61,5924
Deacon Mclean,05-15-03,Korona Kielce,M,149.31,1000,06-30-18,61,5928
Demetria Townsend,04-04-94,Legia Warsawa,F,14.85,100,06-30-18,61,5967
Dale Skinner,12-20-99,Piast Gliwice,M,113.02,800,06-30-18,61,6045
Warren Bowman,02-14-89,Lechia Gdansk,M,50.55,400,06-30-18,61,6058
Kermit Mcclure,02-04-97,Bruk-Bet Termalica Nieciecza,M,11.23,100,06-30-18,61,6268
Adara Silva,08-01-92,Gornik Zabrze,F,13.5,100,06-30-18,61,6534
Sydnee Moreno,01-09-96,Pogon Szczecin,F,268.23,1500,06-30-18,61,6615
Leonard Mcintyre,10-02-98,Wisla Plock,M,12.14,100,06-30-18,61,6634
Montana Huff,03-31-93,Lechia Gdansk,F,127.81,800,06-30-18,61,6700
Courtney Mathis,01-27-00,Legia Warsawa,F,56.8,400,06-30-18,61,6722
Kylee Stevenson,08-19-84,Cracovia,F,171.53,1000,06-30-18,61,6753
Joshua Potts,08-06-82,Jagiellonia Bialystok,M,12.33,100,06-30-18,61,6784
Jennifer Faulkner,12-14-95,Jagiellonia Bialystok,F,185.73,1000,06-30-18,61,6850
Elijah Pruitt,09-08-80,Zaglebie Lubin,M,22.77,200,06-30-18,61,6861
Francis Hatfield,04-29-04,Cracovia,M,110.34,800,06-30-18,61,6877
Charissa May,02-18-92,Arka Gdynia,F,132.79,800,06-30-18,61,6988
Shannon Preston,12-11-85,Pogon Szczecin,F,127.88,800,06-30-18,61,7237
Lunea Mathis,04-22-00,Wisla Plock,F,166.94,1000,06-30-18,61,7293
Kyla Foley,09-06-86,Gornik Zabrze,F,265.81,1500,06-30-18,61,7427
Olga Vaughan,11-07-90,Wisla Krakowa,F,251.03,1500,06-30-18,61,7468
Burton Ball,06-12-03,Pogon Szczecin,M,110.88,800,06-30-18,61,7541
Briar Fuller,01-14-86,Jagiellonia Bialystok,F,259.66,1500,06-30-18,61,7556
Tad Alston,12-04-98,Gornik Zabrze,M,22.94,200,06-30-18,61,7604
Mona Weiss,07-20-86,Zaglebie Lubin,F,12.2,100,06-30-18,61,7792
Lavinia Ellis,04-09-03,Cracovia,F,246.71,1500,06-30-18,61,7974
Quintessa Odom,11-23-99,Lech Poznan,F,23.11,200,06-30-18,61,7986
Kimberley Marsh,12-23-87,Sandecja Nowy Sacz,F,191.26,1000,06-30-18,61,8319
Jackson Hyde,12-01-91,Korona Kielce,M,232.26,1500,06-30-18,61,8341
Harlan Kline,12-28-01,Jagiellonia Bialystok,M,20.29,200,06-30-18,61,8358
Roary Bean,03-08-96,Legia Warsawa,F,12.62,100,06-30-18,61,8784
Kai Russo,07-23-98,Slask Wroclaw,F,56.39,400,06-30-18,61,8859
Cameran Warren,01-09-00,Bruk-Bet Termalica Nieciecza,F,259.35,1500,06-30-18,61,8870
Nathan Irwin,12-19-04,Lechia Gdansk,M,112.56,800,06-30-18,61,9008
Lance Mills,04-06-01,Arka Gdynia,M,146.64,1000,06-30-18,61,9038
Cailin Warner,04-13-93,Lechia Gdansk,F,172.13,1000,06-30-18,61,9230
Isaiah Cox,06-30-99,Legia Warsawa,M,12.31,100,06-30-18,61,9327
Igor Wright,08-01-90,Gornik Zabrze,M,11.5,100,06-30-18,61,9357
Dai Joseph,11-08-90,Bruk-Bet Termalica Nieciecza,F,13.23,100,06-30-18,61,9380
Norman Stevens,01-29-04,Sandecja Nowy Sacz,M,112.61,800,06-30-18,61,9413
Stephen Blackwell,03-13-99,Pogon Szczecin,M,143.26,1000,06-30-18,61,9456
Julian Albert,03-30-82,Jagiellonia Bialystok,M,212.66,1500,06-30-18,61,9528
Isabelle Humphrey,08-29-89,Slask Wroclaw,F,24.73,200,06-30-18,61,9688
Nathan Irwin,12-19-04,Lechia Gdansk,M,12.41,100,06-30-18,61,9732
Elvis Langley,07-19-94,Bruk-Bet Termalica Nieciecza,M,143.47,1000,06-30-18,61,9790
Basia Craft,07-11-98,Piast Gliwice,F,12.5,100,06-30-18,61,9799
Adele Christian,11-22-90,Piast Gliwice,F,268.78,1500,06-30-18,61,9838
Cassady Lewis,12-04-90,Korona Kielce,F,138.7,800,06-30-18,61,10068
Rebekah Anderson,07-14-85,Korona Kielce,F,133.13,800,06-30-18,61,10222
Elliott Calhoun,01-24-94,Pogon Szczecin,M,46.26,400,06-30-18,61,10525
Samson Martin,03-27-86,Gornik Zabrze,M,12.3,100,06-30-18,61,10549
Macey Kelly,07-19-95,Slask Wroclaw,F,191.08,1000,06-30-18,61,10602
Kylee Stevenson,08-19-84,Cracovia,F,14.67,100,06-30-18,61,10643
Ezra Roberson,11-03-01,Gornik Zabrze,M,20.92,200,06-30-18,61,10646
Tanya Rivera,11-24-88,Zaglebie Lubin,F,253.64,1500,06-30-18,61,10732
Amy Keith,10-05-95,Korona Kielce,F,165.95,1000,06-30-18,61,10799
Fritz Bonner,04-16-97,Cracovia,M,11.35,100,06-30-18,61,11075
Brendan Mccormick,09-23-88,Legia Warsawa,M,49.11,400,06-30-18,61,11406
Evan Randolph,02-09-97,Zaglebie Lubin,M,158.34,1000,06-30-18,61,11439
Lillith Ramirez,10-06-93,Lech Poznan,F,171.26,1000,06-30-18,61,11462
Rhoda Horton,04-08-93,Slask Wroclaw,F,257.26,1500,06-30-18,61,11524
Breanna Tucker,12-29-98,Korona Kielce,F,256.59,1500,06-30-18,61,11789
Travis Schmidt,06-29-80,Wisla Plock,M,107.21,800,06-30-18,61,11869
Warren Bowman,02-14-89,Lechia Gdansk,M,113.0,800,06-30-18,61,11870
Curran Ellis,06-15-86,Legia Warsawa,M,50.99,400,06-30-18,61,12015
Wilma Oneill,01-25-93,Korona Kielce,F,247.98,1500,06-30-18,61,12052
Chandler Lopez,09-13-81,Pogon Szczecin,M,107.97,800,06-30-18,61,12098
Ainsley Middleton,12-26-99,Zaglebie Lubin,F,254.2,1500,06-30-18,61,12331
Wayne Wall,03-11-05,Sandecja Nowy Sacz,M,112.51,800,06-30-18,61,12359
Hedwig Cain,07-11-90,Piast Gliwice,F,24.19,200,06-30-18,61,12373
Isabelle Bright,07-16-93,Wisla Krakowa,F,12.76,100,06-30-18,61,12439
Keaton Blair,02-18-85,Korona Kielce,M,215.25,1500,06-30-18,61,12551
Jin Grimes,12-20-99,Zaglebie Lubin,M,218.73,1500,06-30-18,61,12564
Chester Waller,08-08-80,Wisla Krakowa,M,10.74,100,06-30-18,61,12717
Kylan Alvarado,01-03-88,Zaglebie Lubin,F,189.31,1000,06-30-18,61,12991
Kamal Madden,04-01-93,Sandecja Nowy Sacz,M,47.77,400,06-30-18,61,13199
Hayes Craig,09-30-02,Gornik Zabrze,M,145.85,1000,06-30-18,61,13514
Courtney Wiggins,07-10-02,Lech Poznan,F,52.4,400,06-30-18,61,13738
Ryan Swanson,02-01-00,Jagiellonia Bialystok,M,21.0,200,06-30-18,61,13761
Anjolie King,12-29-97,Lechia Gdansk,F,263.54,1500,06-30-18,61,13911
Linda Stephens,05-12-85,Zaglebie Lubin,F,178.56,1000,06-30-18,61,13924
Finn Wyatt,06-27-05,Bruk-Bet Termalica Nieciecza,M,12.05,100,06-30-18,61,14165
Elijah Pruitt,09-08-80,Zaglebie Lubin,M,106.95,800,06-30-18,61,14265
Tanek Ferrell,01-13-01,Sandecja Nowy Sacz,M,111.08,800,06-30-18,61,14280
Shaeleigh Garza,12-15-95,Korona Kielce,F,259.39,1500,06-30-18,61,14356
Cameran Klein,05-06-97,Korona Kielce,F,186.31,1000,06-30-18,61,14681
Violet Dorsey,05-17-95,Bruk-Bet Termalica Nieciecza,F,23.51,200,06-30-18,61,14682
Rashad Sears,01-30-81,Cracovia,M,11.85,100,06-30-18,61,14741
Oprah James,09-07-95,Legia Warsawa,F,56.79,400,06-30-18,61,15050
Mark Welch,07-03-82,Legia Warsawa,M,21.73,200,06-30-18,61,15096
Bruno Riley,01-30-00,Gornik Zabrze,M,222.12,1500,06-30-18,61,15269
Samuel Sharpe,10-20-83,Lech Poznan,M,218.88,1500,06-30-18,61,15368
Barbara Russell,06-16-91,Gornik Zabrze,F,132.77,800,06-30-18,61,15417
Julian Albert,03-30-82,Jagiellonia Bialystok,M,22.98,200,06-30-18,61,15499
Anthony Kidd,09-28-97,Arka Gdynia,M,224.43,1500,06-30-18,61,15524
Summer Diaz,02-27-91,Zaglebie Lubin,F,178.28,1000,06-30-18,61,15613
Whitney Mack,10-13-96,Bruk-Bet Termalica Nieciecza,F,12.78,100,06-30-18,61,15694
Lacota Page,08-08-99,Slask Wroclaw,F,13.05,100,06-30-18,61,15754
Chaney Rivera,12-13-85,Lechia Gdansk,M,145.98,1000,06-30-18,61,15831
Shellie Jacobson,06-09-01,Piast Gliwice,F,264.39,1500,06-30-18,61,15941
Gannon Dejesus,02-28-98,Gornik Zabrze,M,10.05,100,06-30-18,61,16137
Kamal Joseph,11-29-86,Wisla Plock,M,156.08,1000,06-30-18,61,16414
Macaulay Sullivan,10-29-00,Lechia Gdansk,M,20.79,200,06-30-18,61,16433
Blake Baxter,08-08-94,Piast Gliwice,M,45.98,400,06-30-18,61,16482
Amanda Melendez,11-01-01,Pogon Szczecin,F,56.96,400,06-30-18,61,16609
Ainsley Middleton,12-26-99,Zaglebie Lubin,F,180.72,1000,06-30-18,61,16642
Gretchen Lawson,12-26-84,Lech Poznan,F,173.72,1000,06-30-18,61,16721
Damon George,06-15-82,Pogon Szczecin,M,22.52,200,06-30-18,61,16846
Desirae Stafford,06-08-88,Arka Gdynia,F,23.81,200,06-30-18,61,16956
Fritz Bonner,04-16-97,Cracovia,M,11.08,100,06-30-18,61,17126
Fredericka Cantu,11-18-83,Pogon Szczecin,F,54.08,400,06-30-18,61,17207
Philip Lopez,11-16-86,Jagiellonia Bialystok,M,146.88,1000,06-30-18,61,17880
Kimberly Wade,02-05-97,Legia Warsawa,F,24.18,200,06-30-18,61,18003
Jaime Valencia,12-09-94,Zaglebie Lubin,F,136.65,800,06-30-18,61,18059
Christian Deleon,07-11-99,Wisla Krakowa,M,10.78,100,06-30-18,61,18085
Xander Keller,10-07-82,Piast Gliwice,M,113.71,800,06-30-18,61,18361
Mona Weiss,07-20-86,Zaglebie Lubin,F,193.55,1000,06-30-18,61,18391
Alexander Mcintyre,10-13-93,Arka Gdynia,M,48.69,400,06-30-18,61,18433
Alan Cunningham,10-06-99,Lech Poznan,M,140.73,1000,06-30-18,61,18634
Timothy Ellis,02-10-97,Lech Poznan,M,110.32,800,06-30-18,61,18658
Trevor Bell,07-13-86,Cracovia,M,20.55,200,06-30-18,61,18677
Russell Washington,09-18-88,Piast Gliwice,M,48.34,400,06-30-18,61,18688
Britanni Clayton,01-16-97,Gornik Zabrze,F,23.26,200,06-30-18,61,18743
Marshall Little,11-28-94,Zaglebie Lubin,M,46.03,400,06-30-18,61,18765
Aspen Lowe,09-29-94,Jagiellonia Bialystok,F,190.57,1000,06-30-18,61,18816
Sasha Terry,05-22-97,Jagiellonia Bialystok,F,23.73,200,06-30-18,61,18912
Mara Ford,04-14-95,Wisla Plock,F,25.05,200,06-30-18,61,19010
Thomas Mcleod,03-26-82,Piast Gliwice,M,106.07,800,06-30-18,61,19047
Vivian Hobbs,10-14-93,Piast Gliwice,F,139.67,800,06-30-18,61,19270
Jasmine Schneider,04-24-87,Lech Poznan,F,257.83,1500,06-30-18,61,19310
Ferris Hudson,11-15-82,Arka Gdynia,M,22.97,200,06-30-18,61,19358
Lenore Coffey,05-17-99,Lech Poznan,F,128.94,800,06-30-18,61,19529
Ferris Gibson,01-25-92,Zaglebie Lubin,M,11.66,100,06-30-18,61,19585
Finn Buck,08-05-96,Piast Gliwice,M,10.41,100,06-30-18,61,19951
Sheila Taylor,02-15-03,Lech Poznan,F,52.64,400,06-30-18,61,19994
Ciara Sims,09-12-02,Korona Kielce,F,23.59,200,06-30-18,61,20119
Aretha Thompson,06-12-96,Wisla Krakowa,F,166.05,1000,06-30-18,61,20297
Erasmus Mason,03-23-99,Legia Warsawa,M,109.09,800,06-30-18,61,20376
Kirsten Yang,06-11-93,Legia Warsawa,F,23.69,200,06-30-18,61,20395
Chancellor Hyde,05-11-01,Lechia Gdansk,M,225.02,1500,06-30-18,61,20539
Kibo Valencia,07-27-80,Lechia Gdansk,M,12.99,100,06-30-18,61,20540
Beck Dejesus,07-13-86,Lech Poznan,M,224.28,1500,06-30-18,61,20635
Jacob Kirk,05-13-82,Cracovia,M,46.05,400,06-30-18,61,20662
Scarlett Yang,02-27-89,Wisla Plock,F,13.2,100,06-30-18,61,20675
Breanna Nolan,12-20-87,Lech Poznan,F,255.86,1500,06-30-18,61,20868
Graham Mcfarland,02-02-95,Wisla Plock,M,227.75,1500,06-30-18,61,20938
Phillip Beck,08-08-84,Wisla Plock,M,231.98,1500,06-30-18,61,21009
Benedict Kelley,06-14-05,Bruk-Bet Termalica Nieciecza,M,105.84,800,06-30-18,61,21028
Channing Fox,12-15-95,Zaglebie Lubin,M,49.79,400,06-30-18,61,21106
Ramona Richardson,04-21-86,Wisla Krakowa,F,137.2,800,06-30-18,61,21245
Desirae Stafford,06-08-88,Arka Gdynia,F,128.86,800,06-30-18,61,21253
Hiram Giles,09-19-84,Lechia Gdansk,M,112.58,800,06-30-18,61,21254
Hasad Fuentes,11-22-97,Slask Wroclaw,M,219.4,1500,06-30-18,61,21308
Brody Harper,12-10-91,Lechia Gdansk,M,10.83,100,06-30-18,61,21316
Cadman English,12-31-88,Bruk-Bet Termalica Nieciecza,M,49.64,400,06-30-18,61,21344
Lee Graves,09-15-83,Gornik Zabrze,F,25.23,200,06-30-18,61,21475
Shay Nash,09-13-86,Lech Poznan,F,139.15,800,06-30-18,61,21592
Fatima Hunter,04-06-98,Pogon Szczecin,F,194.02,1000,06-30-18,61,21941
Logan Vaughn,03-16-96,Legia Warsawa,M,149.31,1000,06-30-18,61,22038
Lance Mills,04-06-01,Arka Gdynia,M,149.25,1000,06-30-18,61,22076
Callie Mcfadden,06-23-95,Slask Wroclaw,F,125.47,800,06-30-18,61,22097
Chester Huff,02-10-87,Wisla Plock,M,20.01,200,06-30-18,61,22178
Austin Holman,12-15-83,Sandecja Nowy Sacz,M,238.62,1500,06-30-18,61,22245
Rhonda Mathews,08-13-99,Sandecja Nowy Sacz,F,254.2,1500,06-30-18,61,22293
Lane Shepherd,04-07-89,Lechia Gdansk,M,213.9,1500,06-30-18,61,22538
Armand David,03-22-98,Piast Gliwice,M,12.69,100,06-30-18,61,22571
Jonas Murphy,05-03-01,Pogon Szczecin,M,228.89,1500,06-30-18,61,22601
Gabriel Durham,08-28-88,Zaglebie Lubin,M,149.84,1000,06-30-18,61,22642
April Whitfield,05-06-87,Lech Poznan,F,189.09,1000,06-30-18,61,22649
Nero Pope,03-29-91,Pogon Szczecin,M,50.62,400,06-30-18,61,22678
Ciara Cochran,11-14-00,Lechia Gdansk,F,51.61,400,06-30-18,61,22879
Norman Stevens,01-29-04,Sandecja Nowy Sacz,M,11.12,100,06-30-18,61,22907
Christen Briggs,07-08-01,Wisla Plock,F,25.54,200,06-30-18,61,22952
Rhoda Horton,04-08-93,Slask Wroclaw,F,139.44,800,06-30-18,61,23285
Jonas Murphy,05-03-01,Pogon Szczecin,M,221.56,1500,06-30-18,61,23542
Mona Weiss,07-20-86,Zaglebie Lubin,F,24.16,200,06-30-18,61,23736
Martina Morse,06-29-01,Zaglebie Lubin,F,24.68,200,06-30-18,61,23986
Lillith Ramirez,10-06-93,Lech Poznan,F,13.03,100,06-30-18,61,24181
Dane Berry,07-22-82,Legia Warsawa,M,49.87,400,06-30-18,61,24297
Rachel Lott,06-03-85,Legia Warsawa,F,14.29,100,06-30-18,61,24324
Drake Trevino,12-20-97,Piast Gliwice,M,22.04,200,06-30-18,61,24648
Carol Lucas,07-10-98,Zaglebie Lubin,F,24.89,200,06-30-18,61,24891
Ignatius Mccarty,09-04-88,Lech Poznan,M,49.48,400,06-30-18,61,25088
Britanney Pope,10-21-01,Pogon Szczecin,F,138.18,800,06-30-18,61,25127
Abra Williams,03-26-90,Lechia Gdansk,F,129.24,800,06-30-18,61,25187
Orlando Huffman,06-30-98,Wisla Plock,M,235.53,1500,06-30-18,61,25328
Kibo Valencia,07-27-80,Lechia Gdansk,M,157.99,1000,06-30-18,61,25416
Shaeleigh Garza,12-15-95,Korona Kielce,F,132.89,800,06-30-18,61,25523
Lavinia Ellis,04-09-03,Cracovia,F,13.96,100,06-30-18,61,25628
Finn Buck,08-05-96,Piast Gliwice,M,111.94,800,06-30-18,61,25688
Priscilla Mccray,08-19-93,Bruk-Bet Termalica Nieciecza,F,12.73,100,06-30-18,61,25733
Chloe Potter,01-27-86,Gornik Zabrze,F,172.98,1000,06-30-18,61,25821
Rafael Nicholson,06-07-85,Slask Wroclaw,M,114.95,800,06-30-18,61,25913
Chaney Rivera,12-13-85,Lechia Gdansk,M,234.17,1500,06-30-18,61,26120
Inez Goodman,03-31-90,Wisla Krakowa,F,130.64,800,06-30-18,61,26226
Ali Dodson,05-24-02,Gornik Zabrze,M,48.66,400,06-30-18,61,26971
Wing Sherman,05-05-81,Lechia Gdansk,M,145.2,1000,06-30-18,61,27090
Garrett Guerrero,02-06-96,Lechia Gdansk,M,237.18,1500,06-30-18,61,27166
Anthony Harding,03-06-94,Piast Gliwice,M,11.26,100,06-30-18,61,27183
Althea Hodges,01-05-92,Legia Warsawa,F,193.63,1000,06-30-18,61,27213
September Blackburn,03-14-96,Jagiellonia Bialystok,F,56.06,400,06-30-18,61,27230
Troy Farrell,11-17-99,Lech Poznan,M,210.47,1500,06-30-18,61,27384
Vincent Bullock,12-12-88,Korona Kielce,M,148.17,1000,06-30-18,61,27428
Xander Keller,10-07-82,Piast Gliwice,M,50.04,400,06-30-18,61,27459
Aquila Vaughn,01-19-88,Gornik Zabrze,M,218.16,1500,06-30-18,61,27602
Vanna Chase,05-04-87,Legia Warsawa,F,24.15,200,06-30-18,61,27673
Ferris Gibson,01-25-92,Zaglebie Lubin,M,105.94,800,06-30-18,61,27977
Stephen Blackwell,03-13-99,Pogon Szczecin,M,46.29,400,06-30-18,61,28192
Lois Maddox,03-18-02,Gornik Zabrze,F,54.61,400,06-30-18,61,28339
Alisa Sawyer,03-30-84,Zaglebie Lubin,F,256.44,1500,06-30-18,61,28433
Faith Contreras,09-19-91,Piast Gliwice,F,259.29,1500,06-30-18,61,28481
Britanney Pope,10-21-01,Pogon Szczecin,F,193.8,1000,06-30-18,61,28566
September Blackburn,03-14-96,Jagiellonia Bialystok,F,255.85,1500,06-30-18,61,28622
Deacon Trujillo,07-02-00,Korona Kielce,M,10.06,100,06-30-18,61,28623
Nero Pope,03-29-91,Pogon Szczecin,M,21.11,200,06-30-18,61,28693
Elijah Pruitt,09-08-80,Zaglebie Lubin,M,46.51,400,06-30-18,61,28991
Baxter Mcfadden,10-06-88,Wisla Krakowa,M,10.52,100,06-30-18,61,29221
Tiger Bell,06-03-90,Arka Gdynia,M,225.65,1500,06-30-18,61,29444
Jena Whitney,05-13-91,Lechia Gdansk,F,51.48,400,06-30-18,61,29447
Fredericka Moss,07-06-93,Lechia Gdansk,F,24.09,200,06-30-18,61,29459
Sawyer Baxter,03-23-01,Lechia Gdansk,M,46.73,400,06-30-18,61,29699
Merrill Dominguez,07-19-86,Arka Gdynia,M,149.36,1000,06-30-18,61,29775
Barbara Russell,06-16-91,Gornik Zabrze,F,12.88,100,06-30-18,61,29864
Jessica Prince,12-22-98,Cracovia,F,132.51,800,06-30-18,61,29904
Rowan Hubbard,01-16-88,Zaglebie Lubin,F,53.42,400,06-30-18,61,29947
Allistair Finch,05-26-82,Lech Poznan,M,110.83,800,06-30-18,61,30027
Merrill Beck,05-11-91,Lechia Gdansk,M,106.36,800,06-30-18,61,30230
Leo Bishop,12-31-98,Pogon Szczecin,M,11.15,100,06-30-18,61,30251
Halee Conrad,08-08-98,Bruk-Bet Termalica Nieciecza,F,25.96,200,06-30-18,61,30671
Connor Rosales,01-04-81,Arka Gdynia,M,143.09,1000,06-30-18,61,30834
Logan Vaughn,03-16-96,Legia Warsawa,M,48.34,400,06-30-18,61,30891
Travis Schmidt,06-29-80,Wisla Plock,M,49.76,400,06-30-18,61,31036
Austin Pate,05-21-99,Wisla Plock,M,10.69,100,06-30-18,61,31074
Jessamine Chapman,04-01-85,Zaglebie Lubin,F,14.86,100,06-30-18,61,31129
Joshua Potts,08-06-82,Jagiellonia Bialystok,M,21.67,200,06-30-18,61,31130
Orla Hatfield,05-07-94,Wisla Krakowa,F,25.57,200,06-30-18,61,31226
Mona Weiss,07-20-86,Zaglebie Lubin,F,12.35,100,06-30-18,61,31253
Colt Hewitt,12-08-82,Pogon Szczecin,M,106.61,800,06-30-18,61,31267
Sage Richardson,09-13-88,Bruk-Bet Termalica Nieciecza,F,265.18,1500,06-30-18,61,31413
Tyrone Harris,03-08-97,Bruk-Bet Termalica Nieciecza,M,46.0,400,06-30-18,61,31443
Nathan Irwin,12-19-04,Lechia Gdansk,M,237.33,1500,06-30-18,61,31513
Isaiah Ramsey,03-28-88,Wisla Plock,M,12.05,100,06-30-18,61,31537
Gray Burgess,09-25-93,Piast Gliwice,M,112.12,800,06-30-18,61,31669
Hammett George,08-25-92,Arka Gdynia,M,113.18,800,06-30-18,61,31693
Nevada Scott,12-07-94,Arka Gdynia,F,136.38,800,06-30-18,61,31755
Jada Whitney,02-15-91,Slask Wroclaw,F,131.85,800,06-30-18,61,31793
Carol Lucas,07-10-98,Zaglebie Lubin,F,25.75,200,06-30-18,61,31825
Castor Henry,06-11-94,Lech Poznan,M,109.96,800,06-30-18,61,31944
Castor Henry,06-11-94,Lech Poznan,M,114.67,800,06-30-18,61,32005
Halla Ray,04-16-94,Slask Wroclaw,F,166.01,1000,06-30-18,61,32024
Travis Schmidt,06-29-80,Wisla Plock,M,229.64,1500,06-30-18,61,32044
Kai Russo,07-23-98,Slask Wroclaw,F,23.45,200,06-30-18,61,32142
Lionel Rivera,03-12-82,Zaglebie Lubin,M,231.46,1500,06-30-18,61,32144
Yoshi Hooper,10-23-93,Gornik Zabrze,F,14.21,100,06-30-18,61,32152
Kaitlin Rosa,08-16-93,Gornik Zabrze,F,23.81,200,06-30-18,61,32262
Desirae Stafford,06-08-88,Arka Gdynia,F,134.75,800,06-30-18,61,32345
Rina Gibson,02-23-94,Wisla Krakowa,F,12.29,100,06-30-18,61,32391
Emily Rollins,05-26-89,Wisla Krakowa,F,183.85,1000,06-30-18,61,32462
Ora Finley,12-25-98,Pogon Szczecin,F,23.25,200,06-30-18,61,32554
Germane Bush,12-21-84,Piast Gliwice,F,131.89,800,06-30-18,61,32575
Jorden Glenn,02-10-93,Pogon Szczecin,F,55.67,400,06-30-18,61,32710
Sharon Barlow,01-26-02,Wisla Plock,F,248.5,1500,06-30-18,61,32842
Jessamine Chapman,04-01-85,Zaglebie Lubin,F,14.04,100,06-30-18,61,32900
Daniel Jacobs,01-08-84,Legia Warsawa,M,106.89,800,06-30-18,61,33073
Beck Dejesus,07-13-86,Lech Poznan,M,221.46,1500,06-30-18,61,33135
Ella Williamson,12-10-83,Wisla Krakowa,F,24.39,200,06-30-18,61,33202
Erasmus Mason,03-23-99,Legia Warsawa,M,47.67,400,06-30-18,61,33277
Amos Wagner,09-20-92,Wisla Krakowa,M,22.76,200,06-30-18,61,33344
Pascale Hill,11-09-97,Gornik Zabrze,F,13.12,100,06-30-18,61,33383
Leila Neal,02-28-03,Wisla Krakowa,F,256.41,1500,06-30-18,61,33427
Colin Bird,12-26-89,Sandecja Nowy Sacz,M,142.62,1000,06-30-18,61,33840
Isabelle Bright,07-16-93,Wisla Krakowa,F,25.17,200,06-30-18,61,33906
Fredericka Cantu,11-18-83,Pogon Szczecin,F,51.05,400,06-30-18,61,33934
Sheila Taylor,02-15-03,Lech Poznan,F,23.95,200,06-30-18,61,33950
Tanek Snow,12-03-96,Slask Wroclaw,M,22.33,200,06-30-18,61,34014
Todd Jenkins,02-14-87,Wisla Krakowa,M,155.32,1000,06-30-18,61,34016
Yasir Dixon,02-01-02,Wisla Plock,M,213.46,1500,06-30-18,61,34107
Eric Farley,07-17-89,Korona Kielce,M,12.2,100,06-30-18,61,34133
Mufutau Mcclure,01-25-89,Piast Gliwice,M,22.45,200,06-30-18,61,34154
Charissa May,02-18-92,Arka Gdynia,F,258.94,1500,06-30-18,61,34258
Ainsley Burns,07-07-91,Wisla Plock,F,194.8,1000,06-30-18,61,34260
Nolan Riley,03-26-05,Piast Gliwice,M,11.19,100,06-30-18,61,34410
Vanna Chase,05-04-87,Legia Warsawa,F,25.91,200,06-30-18,61,34481
Callum Berger,07-09-01,Slask Wroclaw,M,20.64,200,06-30-18,61,34546
Nevada Scott,12-07-94,Arka Gdynia,F,260.74,1500,06-30-18,61,34741
Jesse Small,02-11-84,Pogon Szczecin,M,48.36,400,06-30-18,61,34793
Fulton Wilkerson,05-13-92,Lech Poznan,M,22.84,200,06-30-18,61,34914
Amy Norman,03-28-02,Slask Wroclaw,F,194.8,1000,06-30-18,61,34929
Urielle David,04-27-99,Legia Warsawa,F,259.54,1500,06-30-18,61,34932
Imogene Walter,11-22-92,Arka Gdynia,F,25.57,200,06-30-18,61,35019
Sydnee Moreno,01-09-96,Pogon Szczecin,F,136.07,800,06-30-18,61,35074
Benedict Kelley,06-14-05,Bruk-Bet Termalica Nieciecza,M,49.48,400,06-30-18,61,35134
Haviva Sanford,02-25-03,Piast Gliwice,F,139.16,800,06-30-18,61,35204
Tad Alston,12-04-98,Gornik Zabrze,M,46.62,400,06-30-18,61,35286
Hyatt Snyder,10-04-89,Zaglebie Lubin,M,210.89,1500,06-30-18,61,35390
Ciara Sims,09-12-02,Korona Kielce,F,269.59,1500,06-30-18,61,35472
Murphy Hubbard,08-27-89,Lech Poznan,M,155.46,1000,06-30-18,61,35589
Sasha Terry,05-22-97,Jagiellonia Bialystok,F,128.68,800,06-30-18,61,35683
Wynne Griffin,02-17-00,Lechia Gdansk,F,258.24,1500,06-30-18,61,36314
Hilary Pruitt,02-09-90,Zaglebie Lubin,F,23.42,200,06-30-18,61,36447
Alika Reid,02-20-00,Cracovia,F,53.12,400,06-30-18,61,36700
Hammett George,08-25-92,Arka Gdynia,M,111.93,800,06-30-18,61,36716
Chester Huff,02-10-87,Wisla Plock,M,45.14,400,06-30-18,61,36797
Blair Ball,06-25-93,Piast Gliwice,F,138.16,800,06-30-18,61,36811
Rose Montgomery,11-06-00,Wisla Plock,F,132.27,800,06-30-18,61,36825
Jaime Parker,11-18-96,Wisla Krakowa,F,126.06,800,06-30-18,61,36911
Erasmus Mason,03-23-99,Legia Warsawa,M,231.86,1500,06-30-18,61,37172
Tatum Fields,08-28-83,Gornik Zabrze,F,25.71,200,06-30-18,61,37295
Nehru Lowe,12-19-96,Lech Poznan,M,21.51,200,06-30-18,61,37511
Thor Justice,12-17-87,Zaglebie Lubin,M,156.8,1000,06-30-18,61,37527
Lacey Martin,10-31-87,Jagiellonia Bialystok,F,53.31,400,06-30-18,61,37546
Benjamin Mccarthy,03-14-03,Legia Warsawa,M,235.52,1500,06-30-18,61,37741
Astra Rowland,11-11-87,Lech Poznan,F,269.35,1500,06-30-18,61,37827
Kermit Mcclure,02-04-97,Bruk-Bet Termalica Nieciecza,M,22.36,200,06-30-18,61,37832
Trevor Bell,07-13-86,Cracovia,M,107.45,800,06-30-18,61,37833
Alec Foley,11-30-80,Pogon Szczecin,M,11.77,100,06-30-18,61,38118
Aileen Hamilton,10-16-98,Jagiellonia Bialystok,F,130.48,800,06-30-18,61,38480
Macey Kelly,07-19-95,Slask Wroclaw,F,54.08,400,06-30-18,61,38489
Alexis Little,01-01-92,Korona Kielce,F,267.21,1500,06-30-18,61,38564
Scott Rice,05-08-81,Bruk-Bet Termalica Nieciecza,M,10.81,100,06-30-18,61,38573
Jason Jones,05-14-94,Zaglebie Lubin,M,46.72,400,06-30-18,61,38625
Moses Schmidt,03-30-88,Sandecja Nowy Sacz,M,143.01,1000,06-30-18,61,38834
Kimberley Marsh,12-23-87,Sandecja Nowy Sacz,F,136.51,800,06-30-18,61,38846
Jada Whitney,02-15-91,Slask Wroclaw,F,190.76,1000,06-30-18,61,38961
Lacey Martin,10-31-87,Jagiellonia Bialystok,F,267.35,1500,06-30-18,61,39094
Erica Parsons,10-29-88,Pogon Szczecin,F,24.13,200,06-30-18,61,39114
Aspen Lowe,09-29-94,Jagiellonia Bialystok,F,172.92,1000,06-30-18,61,39148
Elaine Bruce,02-04-94,Lech Poznan,F,179.39,1000,06-30-18,61,39150
Ezra Roberson,11-03-01,Gornik Zabrze,M,48.02,400,06-30-18,61,39701
Callie Mcfadden,06-23-95,Slask Wroclaw,F,24.82,200,06-30-18,61,39737
Aaron Leon,09-18-89,Zaglebie Lubin,M,46.86,400,06-30-18,61,39869
Rigel Odom,09-23-93,Korona Kielce,M,21.62,200,06-30-18,61,39890
Armand David,03-22-98,Piast Gliwice,M,239.42,1500,06-30-18,61,40162
Yoshio Meyers,12-20-90,Arka Gdynia,M,11.62,100,06-30-18,61,40166
Thor Justice,12-17-87,Zaglebie Lubin,M,110.45,800,06-30-18,61,40174
Sage Richardson,09-13-88,Bruk-Bet Termalica Nieciecza,F,23.86,200,06-30-18,61,40387
Orla Hatfield,05-07-94,Wisla Krakowa,F,13.19,100,06-30-18,61,40493
Callum Berger,07-09-01,Slask Wroclaw,M,11.72,100,06-30-18,61,40582
Mia Mack,11-20-87,Wisla Plock,F,51.68,400,06-30-18,61,40645
Astra Petty,07-25-84,Sandecja Nowy Sacz,F,55.9,400,06-30-18,61,40700
Lillith Ramirez,10-06-93,Lech Poznan,F,25.3,200,06-30-18,61,40727
Alika Reid,02-20-00,Cracovia,F,133.89,800,06-30-18,61,40810
Anthony Kidd,09-28-97,Arka Gdynia,M,10.13,100,06-30-18,61,40889
Keith Kennedy,07-12-80,Lech Poznan,M,111.27,800,06-30-18,61,41241
Fuller Lowe,02-02-04,Slask Wroclaw,M,227.65,1500,06-30-18,61,41265
Orlando Huffman,06-30-98,Wisla Plock,M,50.15,400,06-30-18,61,41340
Glenna Lindsay,11-19-94,Piast Gliwice,F,14.37,100,06-30-18,61,41401
Steel Cox,12-24-97,Lech Poznan,M,214.91,1500,06-30-18,61,41507
Price Mcintyre,11-03-94,Jagiellonia Bialystok,M,214.2,1500,06-30-18,61,41517
Rose Montgomery,11-06-00,Wisla Plock,F,24.21,200,06-30-18,61,41638
Orla Hatfield,05-07-94,Wisla Krakowa,F,130.33,800,06-30-18,61,41757
Axel Trevino,05-14-81,Legia Warsawa,M,107.27,800,06-30-18,61,41950
Felicia Barnes,04-08-93,Lechia Gdansk,F,125.7,800,06-30-18,61,42022
Faith Contreras,09-19-91,Piast Gliwice,F,268.36,1500,06-30-18,61,42142
Aaron Leon,09-18-89,Zaglebie Lubin,M,107.83,800,06-30-18,61,42184
Jade Boone,05-01-88,Legia Warsawa,F,136.43,800,06-30-18,61,42188
Chester Waller,08-08-80,Wisla Krakowa,M,107.91,800,06-30-18,61,42364
Callie Mcfadden,06-23-95,Slask Wroclaw,F,14.9,100,06-30-18,61,42385
Wing Macdonald,08-16-99,Slask Wroclaw,M,108.24,800,06-30-18,61,42392
Ezekiel Howard,04-25-98,Korona Kielce,M,11.28,100,06-30-18,61,42525
Denton Michael,07-01-89,Korona Kielce,M,149.14,1000,06-30-18,61,42562
Maxine Simmons,02-17-84,Wisla Krakowa,F,246.37,1500,06-30-18,61,42684
Karina Matthews,09-25-95,Gornik Zabrze,F,186.88,1000,06-30-18,61,42791
Lionel Rivera,03-12-82,Zaglebie Lubin,M,144.26,1000,06-30-18,61,42879
Jemima Blankenship,01-18-97,Gornik Zabrze,F,127.85,800,06-30-18,61,42922
Althea Hodges,01-05-92,Legia Warsawa,F,54.57,400,06-30-18,61,43014
Deacon Trujillo,07-02-00,Korona Kielce,M,10.03,100,06-30-18,61,43536
Ronan Travis,07-25-01,Piast Gliwice,M,21.01,200,06-30-18,61,43853
Kylan Alvarado,01-03-88,Zaglebie Lubin,F,131.06,800,06-30-18,61,43854
Jaime Valencia,12-09-94,Zaglebie Lubin,F,53.43,400,06-30-18,61,43874
Lila Baldwin,04-08-93,Cracovia,F,12.31,100,06-30-18,61,43932
Oprah James,09-07-95,Legia Warsawa,F,183.77,1000,06-30-18,61,44082
Byron Rutledge,09-20-86,Wisla Plock,M,21.37,200,06-30-18,61,44274
Rose Montgomery,11-06-00,Wisla Plock,F,125.83,800,06-30-18,61,44402
Declan Colon,04-22-02,Legia Warsawa,M,235.89,1500,06-30-18,61,44498
Mona Weiss,07-20-86,Zaglebie Lubin,F,24.82,200,06-30-18,61,44556
Samuel Sharpe,10-20-83,Lech Poznan,M,21.77,200,06-30-18,61,44802
Channing Hardin,01-04-00,Bruk-Bet Termalica Nieciecza,M,20.15,200,06-30-18,61,44812
Xander Underwood,03-13-00,Arka Gdynia,M,11.76,100,06-30-18,61,45141
Macy Guerrero,11-29-86,Jagiellonia Bialystok,F,266.32,1500,06-30-18,61,45155
Axel Trevino,05-14-81,Legia Warsawa,M,21.41,200,06-30-18,61,45279
Moses Schmidt,03-30-88,Sandecja Nowy Sacz,M,45.22,400,06-30-18,61,45342
Cole Pennington,09-18-81,Wisla Plock,M,21.08,200,06-30-18,61,45568
Driscoll Fowler,08-12-99,Korona Kielce,M,45.43,400,06-30-18,61,45669
Hayes Craig,09-30-02,Gornik Zabrze,M,212.88,1500,06-30-18,61,45787
Beatrice Spence,04-20-97,Lechia Gdansk,F,173.38,1000,06-30-18,61,45946
Anthony Rivas,01-29-00,Lechia Gdansk,M,107.23,800,06-30-18,61,46092
Keith Kennedy,07-12-80,Lech Poznan,M,12.39,100,06-30-18,61,46599
Hadley Montgomery,11-20-87,Wisla Plock,F,172.48,1000,06-30-18,61,46755
Lacey Martin,10-31-87,Jagiellonia Bialystok,F,183.42,1000,06-30-18,61,46786
Lunea Mathis,04-22-00,Wisla Plock,F,182.69,1000,06-30-18,61,46810
Yoshi Hooper,10-23-93,Gornik Zabrze,F,23.64,200,06-30-18,61,46834
Odysseus Terrell,05-17-89,Jagiellonia Bialystok,M,221.1,1500,06-30-18,61,46857
Amos Wagner,09-20-92,Wisla Krakowa,M,105.79,800,06-30-18,61,46884
Clio Colon,10-15-00,Arka Gdynia,F,24.83,200,06-30-18,61,46994
Madison Hancock,11-20-87,Wisla Krakowa,F,13.01,100,06-30-18,61,47103
Nero Pope,03-29-91,Pogon Szczecin,M,106.92,800,06-30-18,61,47188
Fay Lindsay,11-27-92,Wisla Krakowa,F,131.01,800,06-30-18,61,47303
Avram Blackburn,01-18-01,Pogon Szczecin,M,10.24,100,06-30-18,61,47310
Warren Bowman,02-14-89,Lechia Gdansk,M,154.44,1000,06-30-18,61,47335
Caesar Newton,11-01-99,Zaglebie Lubin,M,20.4,200,06-30-18,61,47567
Aquila Vaughn,01-19-88,Gornik Zabrze,M,224.74,1500,06-30-18,61,47689
Hop Wade,02-12-98,Wisla Plock,M,214.16,1500,06-30-18,61,47765
Cameran Klein,05-06-97,Korona Kielce,F,25.84,200,06-30-18,61,47981
Eliana Mccullough,01-31-96,Arka Gdynia,F,25.55,200,06-30-18,61,47985
Olga Vaughan,11-07-90,Wisla Krakowa,F,251.0,1500,06-30-18,61,48009
Ariana Tucker,07-25-94,Jagiellonia Bialystok,F,172.41,1000,06-30-18,61,48107
Halee Conrad,08-08-98,Bruk-Bet Termalica Nieciecza,F,12.31,100,06-30-18,61,48187
Farrah Combs,09-01-87,Sandecja Nowy Sacz,F,25.03,200,06-30-18,61,48210
Sopoline Ferguson,01-07-89,Cracovia,F,12.49,100,06-30-18,61,48313
Garrett Guerrero,02-06-96,Lechia Gdansk,M,145.73,1000,06-30-18,61,48317
Lee Graves,09-15-83,Gornik Zabrze,F,23.94,200,06-30-18,61,48375
Ella Williamson,12-10-83,Wisla Krakowa,F,52.06,400,06-30-18,61,48591
Anne Foster,05-14-95,Sandecja Nowy Sacz,F,266.36,1500,06-30-18,61,48633
Lyle Lindsey,11-06-92,Piast Gliwice,M,49.79,400,06-30-18,61,48661
Nichole Lee,05-26-99,Legia Warsawa,F,251.73,1500,06-30-18,61,48676
Jackson Hyde,12-01-91,Korona Kielce,M,46.65,400,06-30-18,61,48694
Mercedes Oconnor,09-19-01,Lechia Gdansk,F,139.35,800,06-30-18,61,48740
Ezekiel Hendrix,12-18-02,Cracovia,M,11.49,100,06-30-18,61,48769
Connor Rosales,01-04-81,Arka Gdynia,M,20.26,200,06-30-18,61,48772
Rhoda Horton,04-08-93,Slask Wroclaw,F,170.89,1000,06-30-18,61,48847
Alyssa Hutchinson,09-22-01,Legia Warsawa,F,262.47,1500,06-30-18,61,48884
Melvin Yates,08-23-93,Arka Gdynia,M,21.69,200,06-30-18,61,49105
Ezra Roberson,11-03-01,Gornik Zabrze,M,113.19,800,06-30-18,61,49214
Jennifer Lopez,09-16-86,Wisla Krakowa,F,139.84,800,06-30-18,61,49306
Rose Montgomery,11-06-00,Wisla Plock,F,252.14,1500,06-30-18,61,49309
Magee Ware,02-04-01,Bruk-Bet Termalica Nieciecza,M,153.05,1000,06-30-18,61,49377
Hillary Britt,02-03-92,Jagiellonia Bialystok,F,12.8,100,06-30-18,61,49437
Brett Dotson,07-16-92,Slask Wroclaw,M,12.37,100,06-30-18,61,49603
Jena Whitney,05-13-91,Lechia Gdansk,F,14.35,100,06-30-18,61,49689
September Acosta,12-08-83,Arka Gdynia,F,137.27,800,06-30-18,61,49821
Valentine Hawkins,04-22-98,Korona Kielce,M,156.43,1000,06-30-18,61,49851
Kaitlin Rosa,08-16-93,Gornik Zabrze,F,188.91,1000,06-30-18,61,50019
Karina Matthews,09-25-95,Gornik Zabrze,F,14.85,100,06-30-18,61,50119
Blaze Haley,03-01-91,Bruk-Bet Termalica Nieciecza,M,148.43,1000,06-30-18,61,50396
Gavin Brennan,05-24-82,Sandecja Nowy Sacz,M,46.37,400,06-30-18,61,50422
Laurel Fulton,05-07-94,Jagiellonia Bialystok,F,250.21,1500,06-30-18,61,50433
Henry Bartlett,04-24-02,Wisla Krakowa,M,49.83,400,06-30-18,61,50452
Bree Stark,01-17-91,Jagiellonia Bialystok,F,254.85,1500,06-30-18,61,50472
Aquila Horn,08-27-92,Sandecja Nowy Sacz,M,156.16,1000,06-30-18,61,50475
Brenda Dodson,05-01-98,Lechia Gdansk,F,52.83,400,06-30-18,61,50773
TaShya Cleveland,05-13-87,Wisla Krakowa,F,52.0,400,06-30-18,61,50775
Leila Neal,02-28-03,Wisla Krakowa,F,258.35,1500,06-30-18,61,50839
Faith Contreras,09-19-91,Piast Gliwice,F,55.21,400,06-30-18,61,50887
Demetria Townsend,04-04-94,Legia Warsawa,F,53.3,400,06-30-18,61,50892
Keelie Short,09-23-85,Piast Gliwice,F,264.06,1500,06-30-18,61,50917
Bree Stark,01-17-91,Jagiellonia Bialystok,F,177.73,1000,06-30-18,61,51104
Tiger Payne,09-16-98,Arka Gdynia,M,47.82,400,06-30-18,61,51117
Elliott Gamble,06-17-86,Lech Poznan,M,20.84,200,06-30-18,61,51140
Vincent Bullock,12-12-88,Korona Kielce,M,20.21,200,06-30-18,61,51336
Sawyer Baxter,03-23-01,Lechia Gdansk,M,20.43,200,06-30-18,61,51359
Ronan Travis,07-25-01,Piast Gliwice,M,230.43,1500,06-30-18,61,51418
Caesar Newton,11-01-99,Zaglebie Lubin,M,21.41,200,06-30-18,61,51564
Indira Mercado,11-26-00,Pogon Szczecin,F,25.36,200,06-30-18,61,51698
Deacon Mclean,05-15-03,Korona Kielce,M,155.95,1000,06-30-18,61,51762
Jade Burgess,04-30-96,Arka Gdynia,F,12.96,100,06-30-18,61,51822
Mona Weiss,07-20-86,Zaglebie Lubin,F,24.12,200,06-30-18,61,52276
India Vega,07-28-00,Korona Kielce,F,23.15,200,06-30-18,61,52323
Fredericka Moss,07-06-93,Lechia Gdansk,F,168.98,1000,06-30-18,61,52338
Ignatius Mccarty,09-04-88,Lech Poznan,M,222.49,1500,06-30-18,61,52466
Ruth Long,10-07-91,Gornik Zabrze,F,131.24,800,06-30-18,61,52484
Lucas Stevenson,04-15-95,Korona Kielce,M,211.03,1500,06-30-18,61,52631
Cameron Cooley,04-11-05,Piast Gliwice,M,224.31,1500,06-30-18,61,52677
Tatum Fields,08-28-83,Gornik Zabrze,F,247.38,1500,06-30-18,61,52697
Kameko Dalton,09-19-90,Legia Warsawa,F,55.09,400,06-30-18,61,52731
Yoshio Meyers,12-20-90,Arka Gdynia,M,149.31,1000,06-30-18,61,52749
Chaney Rivera,12-13-85,Lechia Gdansk,M,145.65,1000,06-30-18,61,52771
Axel Griffin,09-09-99,Arka Gdynia,M,12.74,100,06-30-18,61,52826
Anjolie Cooley,05-03-89,Lechia Gdansk,F,14.27,100,06-30-18,61,53314
Ezra Tucker,06-14-87,Wisla Plock,M,11.44,100,06-30-18,61,53484
Addison Todd,09-12-83,Wisla Krakowa,M,112.43,800,06-30-18,61,53697
Summer Diaz,02-27-91,Zaglebie Lubin,F,52.7,400,06-30-18,61,53812
Amethyst Wheeler,12-06-92,Pogon Szczecin,F,51.33,400,06-30-18,61,54018
Kimberly Wade,02-05-97,Legia Warsawa,F,127.76,800,06-30-18,61,54072
Amena Thornton,05-17-00,Zaglebie Lubin,F,13.75,100,06-30-18,61,54270
Cairo Lott,08-05-89,Lech Poznan,M,11.27,100,06-30-18,61,54311
Igor Wright,08-01-90,Gornik Zabrze,M,22.88,200,06-30-18,61,54494
Maxwell Albert,12-28-02,Sandecja Nowy Sacz,M,45.23,400,06-30-18,61,54503
Kristen Combs,08-05-88,Pogon Szczecin,F,248.02,1500,06-30-18,61,54702
Jasmine Schneider,04-24-87,Lech Poznan,F,258.54,1500,06-30-18,61,54740
Sasha Matthews,01-08-93,Bruk-Bet Termalica Nieciecza,F,258.78,1500,06-30-18,61,54946
Charles Logan,12-09-03,Cracovia,M,234.19,1500,06-30-18,61,54958
Price Mcintyre,11-03-94,Jagiellonia Bialystok,M,219.17,1500,06-30-18,61,55007
Lyle Lindsey,11-06-92,Piast Gliwice,M,219.82,1500,06-30-18,61,55138
Roary Bean,03-08-96,Legia Warsawa,F,24.63,200,06-30-18,61,55238
Lyle Lindsey,11-06-92,Piast Gliwice,M,154.16,1000,06-30-18,61,55246
September Acosta,12-08-83,Arka Gdynia,F,23.65,200,06-30-18,61,55479
Tatyana Burks,10-12-93,Gornik Zabrze,F,192.03,1000,06-30-18,61,55623
Cameran Warren,01-09-00,Bruk-Bet Termalica Nieciecza,F,256.07,1500,06-30-18,61,55686
Xander Underwood,03-13-00,Arka Gdynia,M,142.65,1000,06-30-18,61,55754
Edan Russell,02-15-93,Sandecja Nowy Sacz,M,214.09,1500,06-30-18,61,55876
Nathan Irwin,12-19-04,Lechia Gdansk,M,10.22,100,06-30-18,61,55898
Blake Warner,08-13-88,Gornik Zabrze,M,10.65,100,06-30-18,61,55992
Chloe Potter,01-27-86,Gornik Zabrze,F,13.23,100,06-30-18,61,56001
Cassidy Valdez,12-21-84,Lech Poznan,F,25.47,200,06-30-18,61,56062
Ignatius Mccarty,09-04-88,Lech Poznan,M,151.43,1000,06-30-18,61,56087
Daria Chan,10-14-94,Korona Kielce,F,24.7,200,06-30-18,61,56117
Hillary Britt,02-03-92,Jagiellonia Bialystok,F,183.95,1000,06-30-18,61,56165
Astra Petty,07-25-84,Sandecja Nowy Sacz,F,265.95,1500,06-30-18,61,56293
Finn Chapman,04-28-94,Gornik Zabrze,M,46.0,400,06-30-18,61,56314
Rashad Sears,01-30-81,Cracovia,M,49.94,400,06-30-18,61,56315
Adam Black,09-22-93,Lechia Gdansk,M,113.65,800,06-30-18,61,56378
Jade Burgess,04-30-96,Arka Gdynia,F,129.25,800,06-30-18,61,56417
Benjamin Mccarthy,03-14-03,Legia Warsawa,M,22.69,200,06-30-18,61,56639
Hu Buckley,08-01-00,Wisla Krakowa,M,45.14,400,06-30-18,61,56650
Ronan Travis,07-25-01,Piast Gliwice,M,142.77,1000,06-30-18,61,56766
Orson Petty,07-01-00,Zaglebie Lubin,M,156.86,1000,06-30-18,61,56787
Driscoll Fowler,08-12-99,Korona Kielce,M,50.84,400,06-30-18,61,56799
Lance Mills,04-06-01,Arka Gdynia,M,20.53,200,06-30-18,61,56839
Rhoda Horton,04-08-93,Slask Wroclaw,F,13.57,100,06-30-18,61,56884
Drake Neal,03-06-83,Korona Kielce,M,112.74,800,06-30-18,61,57061
Orson Petty,07-01-00,Zaglebie Lubin,M,21.06,200,06-30-18,61,57081
Jaime Parker,11-18-96,Wisla Krakowa,F,194.73,1000,06-30-18,61,57133
Emily Bryant,01-14-01,Bruk-Bet Termalica Nieciecza,F,194.19,1000,06-30-18,61,57155
Byron Rutledge,09-20-86,Wisla Plock,M,226.92,1500,06-30-18,61,57185
Finn Buck,08-05-96,Piast Gliwice,M,20.73,200,06-30-18,61,57265
Ignatius Mccarty,09-04-88,Lech Poznan,M,22.8,200,06-30-18,61,57280
Erasmus Lang,08-31-04,Lechia Gdansk,M,20.77,200,06-30-18,61,57339
Lawrence Wade,05-30-01,Slask Wroclaw,M,48.88,400,06-30-18,61,57414
Brennan Bowman,11-26-96,Wisla Plock,M,152.59,1000,06-30-18,61,57445
Avram Blackburn,01-18-01,Pogon Szczecin,M,46.14,400,06-30-18,61,57624
Wesley Woodward,09-09-95,Legia Warsawa,M,140.55,1000,06-30-18,61,57793
Kermit Mcclure,02-04-97,Bruk-Bet Termalica Nieciecza,M,47.33,400,06-30-18,61,58049
Sage Richardson,09-13-88,Bruk-Bet Termalica Nieciecza,F,249.06,1500,06-30-18,61,58055
Montana Huff,03-31-93,Lechia Gdansk,F,51.04,400,06-30-18,61,58110
September Acosta,12-08-83,Arka Gdynia,F,266.31,1500,06-30-18,61,58147
Shellie Jacobson,06-09-01,Piast Gliwice,F,52.71,400,06-30-18,61,58328
Austin Holman,12-15-83,Sandecja Nowy Sacz,M,10.21,100,06-30-18,61,58361
Aileen Hamilton,10-16-98,Jagiellonia Bialystok,F,52.2,400,06-30-18,61,58365
Ciara Sims,09-12-02,Korona Kielce,F,12.37,100,06-30-18,61,58466
Daria Chan,10-14-94,Korona Kielce,F,263.22,1500,06-30-18,61,58522
Anthony Harding,03-06-94,Piast Gliwice,M,22.75,200,06-30-18,61,58523
Charissa May,02-18-92,Arka Gdynia,F,54.74,400,06-30-18,61,58650
Oleg Johns,01-03-89,Slask Wroclaw,M,144.94,1000,06-30-18,61,58781
Regan Holden,02-19-87,Sandecja Nowy Sacz,F,255.31,1500,06-30-18,61,58899
Leo Bishop,12-31-98,Pogon Szczecin,M,106.53,800,06-30-18,61,59059
Ali Dodson,05-24-02,Gornik Zabrze,M,20.11,200,06-30-18,61,59144
Orla Hatfield,05-07-94,Wisla Krakowa,F,185.82,1000,06-30-18,61,59212
Alana Booth,03-08-95,Bruk-Bet Termalica Nieciecza,F,130.98,800,06-30-18,61,59238
Elaine Bruce,02-04-94,Lech Poznan,F,127.59,800,06-30-18,61,59521
Desirae Stafford,06-08-88,Arka Gdynia,F,13.62,100,06-30-18,61,59592
Florence Huff,04-11-84,Jagiellonia Bialystok,F,257.42,1500,06-30-18,61,59816
Jennifer Lopez,09-16-86,Wisla Krakowa,F,51.29,400,06-30-18,61,59818
Murphy Hubbard,08-27-89,Lech Poznan,M,12.14,100,06-30-18,61,59861
Mark Welch,07-03-82,Legia Warsawa,M,10.48,100,06-30-18,61,60086
Gavin Brennan,05-24-82,Sandecja Nowy Sacz,M,147.07,1000,06-30-18,61,60123
Ezra Roberson,11-03-01,Gornik Zabrze,M,12.08,100,06-30-18,61,60154
Eliana Mccullough,01-31-96,Arka Gdynia,F,246.96,1500,06-30-18,61,60245
Demetrius Kaufman,02-19-97,Sandecja Nowy Sacz,M,234.92,1500,06-30-18,61,60296
Thomas Mcleod,03-26-82,Piast Gliwice,M,10.37,100,06-30-18,61,61217
Hayes Navarro,03-02-95,Wisla Krakowa,M,107.46,800,06-30-18,61,61380
Gillian Olson,08-28-89,Zaglebie Lubin,F,24.91,200,06-30-18,61,61394
Maile Price,04-20-98,Jagiellonia Bialystok,F,25.09,200,06-30-18,61,61650
Astra Snow,11-07-89,Pogon Szczecin,F,177.04,1000,06-30-18,61,61685
Lewis Fulton,02-17-89,Bruk-Bet Termalica Nieciecza,M,229.95,1500,06-30-18,61,61705
Bruno Marsh,09-06-81,Bruk-Bet Termalica Nieciecza,M,141.69,1000,06-30-18,61,61719
Erich Joseph,08-25-02,Piast Gliwice,M,21.16,200,06-30-18,61,61804
Tiger Payne,09-16-98,Arka Gdynia,M,112.27,800,06-30-18,61,61860
Ryan Swanson,02-01-00,Jagiellonia Bialystok,M,230.91,1500,06-30-18,61,61946
Rhona Trujillo,08-09-86,Lechia Gdansk,F,254.2,1500,06-30-18,61,61969
Clayton Clarke,12-13-94,Wisla Plock,M,21.8,200,06-30-18,61,62024
Ariana Tucker,07-25-94,Jagiellonia Bialystok,F,133.53,800,06-30-18,61,62025
Jessica Prince,12-22-98,Cracovia,F,174.98,1000,06-30-18,61,62222
Colt Hewitt,12-08-82,Pogon Szczecin,M,106.7,800,06-30-18,61,62435
Maile Price,04-20-98,Jagiellonia Bialystok,F,24.22,200,06-30-18,61,62512
Nero Pope,03-29-91,Pogon Szczecin,M,153.67,1000,06-30-18,61,62589
Lila Baldwin,04-08-93,Cracovia,F,23.73,200,06-30-18,61,62597
Wanda Boyer,06-25-02,Zaglebie Lubin,F,138.26,800,06-30-18,61,62746
Rhoda Horton,04-08-93,Slask Wroclaw,F,23.61,200,06-30-18,61,62915
Magee Ware,02-04-01,Bruk-Bet Termalica Nieciecza,M,21.62,200,06-30-18,61,63299
Fredericka Cantu,11-18-83,Pogon Szczecin,F,137.4,800,06-30-18,61,63561
Urielle David,04-27-99,Legia Warsawa,F,125.94,800,06-30-18,61,63609
Paul Nelson,07-11-89,Cracovia,M,229.53,1500,06-30-18,61,63644
Leonard Mcintyre,10-02-98,Wisla Plock,M,12.82,100,06-30-18,61,63971
Laurel Fulton,05-07-94,Jagiellonia Bialystok,F,138.9,800,06-30-18,61,64055
Grady Rutledge,10-06-03,Lechia Gdansk,M,107.94,800,06-30-18,61,64088
Jelani Berger,03-26-02,Lechia Gdansk,M,10.32,100,06-30-18,61,64174
Thomas Mcleod,03-26-82,Piast Gliwice,M,12.05,100,06-30-18,61,64431
Peter Reeves,05-01-81,Bruk-Bet Termalica Nieciecza,M,10.22,100,06-30-18,61,64435
Dean Lowery,07-21-82,Slask Wroclaw,M,110.92,800,06-30-18,61,64478
Emmanuel Mcgowan,05-19-95,Lechia Gdansk,M,211.93,1500,06-30-18,61,64562
Joel Mcgowan,04-12-84,Sandecja Nowy Sacz,M,12.83,100,06-30-18,61,64761
Sasha Matthews,01-08-93,Bruk-Bet Termalica Nieciecza,F,51.45,400,06-30-18,61,64939
Emily Bryant,01-14-01,Bruk-Bet Termalica Nieciecza,F,12.73,100,06-30-18,61,65029
Callum Berger,07-09-01,Slask Wroclaw,M,153.83,1000,06-30-18,61,65267
Tanek Snow,12-03-96,Slask Wroclaw,M,155.25,1000,06-30-18,61,65297
Leo Bishop,12-31-98,Pogon Szczecin,M,21.02,200,06-30-18,61,65446
Merrill Dominguez,07-19-86,Arka Gdynia,M,50.27,400,06-30-18,61,65600
Sopoline Pennington,02-25-91,Jagiellonia Bialystok,F,139.9,800,06-30-18,61,65714
Keaton Blair,02-18-85,Korona Kielce,M,239.14,1500,06-30-18,61,65725
Wing Macdonald,08-16-99,Slask Wroclaw,M,22.1,200,06-30-18,61,65795
Orla Hatfield,05-07-94,Wisla Krakowa,F,25.49,200,06-30-18,61,65853
Bruno Marsh,09-06-81,Bruk-Bet Termalica Nieciecza,M,229.21,1500,06-30-18,61,65988
Kamal Madden,04-01-93,Sandecja Nowy Sacz,M,20.87,200,06-30-18,61,66132
Indira Riley,06-04-98,Piast Gliwice,F,14.6,100,06-30-18,61,66138
Megan Berger,07-25-88,Wisla Krakowa,F,193.79,1000,06-30-18,61,66201
Martina Lawrence,12-20-87,Wisla Krakowa,F,23.63,200,06-30-18,61,66259
Sasha Terry,05-22-97,Jagiellonia Bialystok,F,127.4,800,06-30-18,61,66285
Vernon Reeves,07-13-99,Slask Wroclaw,M,21.09,200,06-30-18,61,66496
Martina Lawrence,12-20-87,Wisla Krakowa,F,56.23,400,06-30-18,61,66705
Axel Curry,12-03-86,Slask Wroclaw,M,11.22,100,06-30-18,61,66812
Edan Russell,02-15-93,Sandecja Nowy Sacz,M,109.58,800,06-30-18,61,66846
Keith Kennedy,07-12-80,Lech Poznan,M,22.82,200,06-30-18,61,66853
Miriam Boyer,03-16-98,Jagiellonia Bialystok,F,245.35,1500,06-30-18,61,67044
Germane Bush,12-21-84,Piast Gliwice,F,134.46,800,06-30-18,61,67082
September Blackburn,03-14-96,Jagiellonia Bialystok,F,265.94,1500,06-30-18,61,67085
Caesar Dunlap,10-25-95,Piast Gliwice,M,20.42,200,06-30-18,61,67142
Avye Grimes,02-05-98,Lech Poznan,F,268.7,1500,06-30-18,61,67262
Kai Russo,07-23-98,Slask Wroclaw,F,183.35,1000,06-30-18,61,67296
Vincent Bullock,12-12-88,Korona Kielce,M,212.91,1500,06-30-18,61,67341
Imogene Walter,11-22-92,Arka Gdynia,F,24.59,200,06-30-18,61,67408
Britanni Clayton,01-16-97,Gornik Zabrze,F,24.69,200,06-30-18,61,67476
Summer Diaz,02-27-91,Zaglebie Lubin,F,24.87,200,06-30-18,61,67702
Charissa May,02-18-92,Arka Gdynia,F,266.38,1500,06-30-18,61,67824
Yvonne Rosa,01-15-93,Cracovia,F,137.23,800,06-30-18,61,67913
Erasmus Lang,08-31-04,Lechia Gdansk,M,22.18,200,06-30-18,61,67954
Kaitlin Fox,03-09-97,Slask Wroclaw,F,51.86,400,06-30-18,61,67979
Scott Rice,05-08-81,Bruk-Bet Termalica Nieciecza,M,237.93,1500,06-30-18,61,68035
Deanna Daniel,12-18-88,Zaglebie Lubin,F,12.46,100,06-30-18,61,68123
Harlan Kline,12-28-01,Jagiellonia Bialystok,M,50.21,400,06-30-18,61,68130
Declan Colon,04-22-02,Legia Warsawa,M,49.71,400,06-30-18,61,68140
Kamal Madden,04-01-93,Sandecja Nowy Sacz,M,155.01,1000,06-30-18,61,68187
Mira Horton,04-08-96,Korona Kielce,F,131.68,800,06-30-18,61,68456
Ronan Travis,07-25-01,Piast Gliwice,M,10.1,100,06-30-18,61,68477
Bo Rodriguez,05-02-88,Korona Kielce,F,23.73,200,06-30-18,61,68496
Jorden Glenn,02-10-93,Pogon Szczecin,F,248.99,1500,06-30-18,61,68598
Xander Keller,10-07-82,Piast Gliwice,M,219.7,1500,06-30-18,61,68681
Madison Hancock,11-20-87,Wisla Krakowa,F,249.29,1500,06-30-18,61,68730
Wyatt Benson,05-23-91,Lech Poznan,M,21.74,200,06-30-18,61,68753
Anne Foster,05-14-95,Sandecja Nowy Sacz,F,173.93,1000,06-30-18,61,68883
Wanda Boyer,06-25-02,Zaglebie Lubin,F,12.29,100,06-30-18,61,68973
Anastasia Garner,06-20-93,Sandecja Nowy Sacz,F,13.95,100,06-30-18,61,69042
Joel Mcgowan,04-12-84,Sandecja Nowy Sacz,M,143.02,1000,06-30-18,61,69103
Regan Holden,02-19-87,Sandecja Nowy Sacz,F,139.82,800,06-30-18,61,69218
Quinn Burt,02-04-96,Zaglebie Lubin,M,108.16,800,06-30-18,61,69410
Anthony Rivas,01-29-00,Lechia Gdansk,M,11.35,100,06-30-18,61,69472
Britanney Pope,10-21-01,Pogon Szczecin,F,56.44,400,06-30-18,61,69516
Ezekiel Hendrix,12-18-02,Cracovia,M,20.27,200,06-30-18,61,69546
Nolan Riley,03-26-05,Piast Gliwice,M,106.85,800,06-30-18,61,69863
Dexter Hudson,03-09-93,Jagiellonia Bialystok,M,49.8,400,06-30-18,61,70205
Sigourney Rojas,10-01-88,Gornik Zabrze,F,51.35,400,06-30-18,61,70331
Nasim Gonzales,03-21-89,Wisla Plock,M,144.74,1000,06-30-18,61,70368
Blake Warner,08-13-88,Gornik Zabrze,M,215.79,1500,06-30-18,61,70756
Rashad Sears,01-30-81,Cracovia,M,145.33,1000,06-30-18,61,70801
Seth Willis,09-22-04,Jagiellonia Bialystok,M,152.7,1000,06-30-18,61,70819
Philip Lopez,11-16-86,Jagiellonia Bialystok,M,227.92,1500,06-30-18,61,70853
Tanya Rivera,11-24-88,Zaglebie Lubin,F,23.97,200,06-30-18,61,70939
Adam Black,09-22-93,Lechia Gdansk,M,20.66,200,06-30-18,61,70983
Bree Stark,01-17-91,Jagiellonia Bialystok,F,13.31,100,06-30-18,61,71253
Sage Alvarez,05-10-85,Sandecja Nowy Sacz,F,55.1,400,06-30-18,61,71274
Jessamine Chapman,04-01-85,Zaglebie Lubin,F,55.01,400,06-30-18,61,71350
Florence Huff,04-11-84,Jagiellonia Bialystok,F,23.26,200,06-30-18,61,71475
Alexis Hansen,02-01-92,Sandecja Nowy Sacz,F,53.55,400,06-30-18,61,71485
Elijah Pruitt,09-08-80,Zaglebie Lubin,M,219.15,1500,06-30-18,61,71498
Bert Farley,12-18-01,Jagiellonia Bialystok,M,105.72,800,06-30-18,61,71876
Lenore Coffey,05-17-99,Lech Poznan,F,25.83,200,06-30-18,61,71912
Macy Guerrero,11-29-86,Jagiellonia Bialystok,F,125.7,800,06-30-18,61,71919
Erich Joseph,08-25-02,Piast Gliwice,M,107.49,800,06-30-18,61,72123
Lila Pollard,12-22-91,Lechia Gdansk,F,175.86,1000,06-30-18,61,72150
Nehru Lowe,12-19-96,Lech Poznan,M,110.28,800,06-30-18,61,72157
Aretha Thompson,06-12-96,Wisla Krakowa,F,14.7,100,06-30-18,61,72215
Jelani Berger,03-26-02,Lechia Gdansk,M,141.22,1000,06-30-18,61,72221
Courtney Wiggins,07-10-02,Lech Poznan,F,56.54,400,06-30-18,61,72250
Lunea Mathis,04-22-00,Wisla Plock,F,171.21,1000,06-30-18,61,72358
Martina Morse,06-29-01,Zaglebie Lubin,F,174.65,1000,06-30-18,61,72498
Dylan Sellers,06-05-85,Korona Kielce,M,114.01,800,06-30-18,61,72525
Anastasia Garner,06-20-93,Sandecja Nowy Sacz,F,135.93,800,06-30-18,61,72544
Chase Giles,03-06-98,Zaglebie Lubin,M,47.02,400,06-30-18,61,72560
Anthony Stafford,11-22-03,Slask Wroclaw,M,147.26,1000,06-30-18,61,72696
Regan Holden,02-19-87,Sandecja Nowy Sacz,F,138.47,800,06-30-18,61,72781
Ainsley Middleton,12-26-99,Zaglebie Lubin,F,13.39,100,06-30-18,61,72883
Lenore Mclaughlin,08-16-91,Lechia Gdansk,F,165.56,1000,06-30-18,61,72933
Upton Stevens,11-22-85,Pogon Szczecin,M,21.02,200,06-30-18,61,72961
Avye Grimes,02-05-98,Lech Poznan,F,55.47,400,06-30-18,61,72982
Alyssa Hutchinson,09-22-01,Legia Warsawa,F,53.32,400,06-30-18,61,72992
Nolan Riley,03-26-05,Piast Gliwice,M,49.5,400,06-30-18,61,73075
Regan Galloway,03-20-84,Lech Poznan,F,182.14,1000,06-30-18,61,73107
Rigel Odom,09-23-93,Korona Kielce,M,152.9,1000,06-30-18,61,73170
Daria Chan,10-14-94,Korona Kielce,F,23.08,200,06-30-18,61,73417
Ali Dodson,05-24-02,Gornik Zabrze,M,12.68,100,06-30-18,61,73481
Karina Matthews,09-25-95,Gornik Zabrze,F,176.29,1000,06-30-18,61,73536
Ainsley Burns,07-07-91,Wisla Plock,F,136.31,800,06-30-18,61,73802
Upton Stevens,11-22-85,Pogon Szczecin,M,48.72,400,06-30-18,61,73840
Keith Kennedy,07-12-80,Lech Poznan,M,11.97,100,06-30-18,61,74074
Upton Stevens,11-22-85,Pogon Szczecin,M,50.71,400,06-30-18,61,74210
Jackson Hyde,12-01-91,Korona Kielce,M,46.57,400,06-30-18,61,74385
Ariana Tucker,07-25-94,Jagiellonia Bialystok,F,14.55,100,06-30-18,61,74837
Kai Russo,07-23-98,Slask Wroclaw,F,53.63,400,06-30-18,61,74863
Ronan Travis,07-25-01,Piast Gliwice,M,46.05,400,06-30-18,61,74879
Ainsley Middleton,12-26-99,Zaglebie Lubin,F,54.66,400,06-30-18,61,74997
Axel Curry,12-03-86,Slask Wroclaw,M,220.73,1500,06-30-18,61,75016
Leo Bishop,12-31-98,Pogon Szczecin,M,45.13,400,06-30-18,61,75091
Tanya Rivera,11-24-88,Zaglebie Lubin,F,14.84,100,06-30-18,61,75187
Benedict Kelley,06-14-05,Bruk-Bet Termalica Nieciecza,M,11.68,100,06-30-18,61,75791
Lionel Rivera,03-12-82,Zaglebie Lubin,M,143.4,1000,06-30-18,61,75955
Olga Vaughan,11-07-90,Wisla Krakowa,F,257.29,1500,06-30-18,61,76086
Rafael Nicholson,06-07-85,Slask Wroclaw,M,112.97,800,06-30-18,61,76094
Wyatt Benson,05-23-91,Lech Poznan,M,49.21,400,06-30-18,61,76157
Lawrence Terrell,06-16-98,Gornik Zabrze,M,20.09,200,06-30-18,61,76281
Urielle Sutton,09-23-01,Sandecja Nowy Sacz,F,267.61,1500,06-30-18,61,76593
Mara Ford,04-14-95,Wisla Plock,F,53.14,400,06-30-18,61,76606
Lunea Mathis,04-22-00,Wisla Plock,F,193.1,1000,06-30-18,61,77065
Lisandra Mcmahon,05-25-85,Korona Kielce,F,23.32,200,06-30-18,61,77097
Kermit Mcclure,02-04-97,Bruk-Bet Termalica Nieciecza,M,22.42,200,06-30-18,61,77100
Elliott Gamble,06-17-86,Lech Poznan,M,157.57,1000,06-30-18,61,77137
Indira Mercado,11-26-00,Pogon Szczecin,F,54.73,400,06-30-18,61,77301
Macy Guerrero,11-29-86,Jagiellonia Bialystok,F,24.3,200,06-30-18,61,77317
Quintessa Odom,11-23-99,Lech Poznan,F,165.58,1000,06-30-18,61,77333
Bert Farley,12-18-01,Jagiellonia Bialystok,M,20.24,200,06-30-18,61,77349
Kasper Larson,06-15-04,Pogon Szczecin,M,20.99,200,06-30-18,61,77434
Austin Gibbs,12-23-91,Korona Kielce,M,217.14,1500,06-30-18,61,77477
Austin Pate,05-21-99,Wisla Plock,M,146.47,1000,06-30-18,61,77609
Madison Hancock,11-20-87,Wisla Krakowa,F,252.35,1500,06-30-18,61,77640
Kristen Combs,08-05-88,Pogon Szczecin,F,14.83,100,06-30-18,61,77675
Gray Burgess,09-25-93,Piast Gliwice,M,12.21,100,06-30-18,61,77727
Drake Pierce,10-07-00,Piast Gliwice,M,10.32,100,06-30-18,61,77733
Ezekiel Hendrix,12-18-02,Cracovia,M,228.91,1500,06-30-18,61,77734
Ali Dodson,05-24-02,Gornik Zabrze,M,142.59,1000,06-30-18,61,77828
Alexis Hansen,02-01-92,Sandecja Nowy Sacz,F,180.75,1000,06-30-18,61,77887
Britanney Pope,10-21-01,Pogon Szczecin,F,138.14,800,06-30-18,61,78110
Daniel Jacobs,01-08-84,Legia Warsawa,M,110.69,800,06-30-18,61,78172
Zorita Ross,06-28-84,Bruk-Bet Termalica Nieciecza,F,55.97,400,06-30-18,61,78174
Madeson Walker,01-29-94,Wisla Plock,F,269.73,1500,06-30-18,61,78210
Kasper Larson,06-15-04,Pogon Szczecin,M,49.69,400,06-30-18,61,78266
Maxwell Albert,12-28-02,Sandecja Nowy Sacz,M,49.16,400,06-30-18,61,78295
Hyatt Snyder,10-04-89,Zaglebie Lubin,M,112.85,800,06-30-18,61,78350
Channing Hardin,01-04-00,Bruk-Bet Termalica Nieciecza,M,50.9,400,06-30-18,61,78370
Raven Love,12-17-96,Jagiellonia Bialystok,F,269.46,1500,06-30-18,61,78496
Alexis Little,01-01-92,Korona Kielce,F,23.9,200,06-30-18,61,78592
Gemma Jones,01-13-03,Legia Warsawa,F,23.82,200,06-30-18,61,78738
Quintessa Odom,11-23-99,Lech Poznan,F,139.27,800,06-30-18,61,79057
Astra Petty,07-25-84,Sandecja Nowy Sacz,F,24.8,200,06-30-18,61,79302
Axel Curry,12-03-86,Slask Wroclaw,M,151.28,1000,06-30-18,61,79360
Beck Dejesus,07-13-86,Lech Poznan,M,21.25,200,06-30-18,61,79516
Erasmus Mason,03-23-99,Legia Warsawa,M,111.88,800,06-30-18,61,79523
Jade Burgess,04-30-96,Arka Gdynia,F,52.76,400,06-30-18,61,79532
Roary Bean,03-08-96,Legia Warsawa,F,136.94,800,06-30-18,61,79637
Alan Cunningham,10-06-99,Lech Poznan,M,22.21,200,06-30-18,61,79738
Violet Dorsey,05-17-95,Bruk-Bet Termalica Nieciecza,F,169.15,1000,06-30-18,61,79767
Moses Schmidt,03-30-88,Sandecja Nowy Sacz,M,145.06,1000,06-30-18,61,79831
Anthony Rivas,01-29-00,Lechia Gdansk,M,141.8,1000,06-30-18,61,79857
Addison Todd,09-12-83,Wisla Krakowa,M,21.09,200,06-30-18,61,80008
Blake Baxter,08-08-94,Piast Gliwice,M,11.2,100,06-30-18,61,80020
Fulton Wilkerson,05-13-92,Lech Poznan,M,142.95,1000,06-30-18,61,80090
Jena Whitney,05-13-91,Lechia Gdansk,F,193.94,1000,06-30-18,61,80222
Felicia Barnes,04-08-93,Lechia Gdansk,F,12.34,100,06-30-18,61,80366
Lucas Stevenson,04-15-95,Korona Kielce,M,12.36,100,06-30-18,61,80474
Abbot Good,10-29-93,Slask Wroclaw,M,108.68,800,06-30-18,61,80521
Maxine Simmons,02-17-84,Wisla Krakowa,F,24.25,200,06-30-18,61,80561
Jessica Prince,12-22-98,Cracovia,F,25.77,200,06-30-18,61,80580
Mufutau Mcclure,01-25-89,Piast Gliwice,M,150.26,1000,06-30-18,61,80587
Whitney Mack,10-13-96,Bruk-Bet Termalica Nieciecza,F,139.41,800,06-30-18,61,80713
Christian Deleon,07-11-99,Wisla Krakowa,M,12.88,100,06-30-18,61,80751
Kaitlin Coleman,12-28-85,Wisla Krakowa,F,13.13,100,06-30-18,61,80794
Linus Sanford,02-12-94,Lech Poznan,M,12.13,100,06-30-18,61,80808
Timothy Ellis,02-10-97,Lech Poznan,M,144.33,1000,06-30-18,61,80900
Joshua Shepherd,10-26-99,Bruk-Bet Termalica Nieciecza,M,212.16,1500,06-30-18,61,81097
Upton Stevens,11-22-85,Pogon Szczecin,M,107.74,800,06-30-18,61,81219
Lionel Rivera,03-12-82,Zaglebie Lubin,M,148.24,1000,06-30-18,61,81459
Farrah Mckay,06-11-94,Legia Warsawa,F,25.42,200,06-30-18,61,81485
Vernon Reeves,07-13-99,Slask Wroclaw,M,22.45,200,06-30-18,61,81509
Bruno Riley,01-30-00,Gornik Zabrze,M,48.73,400,06-30-18,61,81538
Fulton Wilkerson,05-13-92,Lech Poznan,M,109.18,800,06-30-18,61,81607
Callum Berger,07-09-01,Slask Wroclaw,M,48.64,400,06-30-18,61,81624
Ruth Douglas,04-27-88,Korona Kielce,F,139.76,800,06-30-18,61,81653
Anthony Harding,03-06-94,Piast Gliwice,M,112.96,800,06-30-18,61,81709
Ella Williamson,12-10-83,Wisla Krakowa,F,13.09,100,06-30-18,61,82056
Kylee Stevenson,08-19-84,Cracovia,F,139.74,800,06-30-18,61,82057
Felicia Barnes,04-08-93,Lechia Gdansk,F,185.04,1000,06-30-18,61,82237
Mercedes Oconnor,09-19-01,Lechia Gdansk,F,55.11,400,06-30-18,61,82254
Burton Ball,06-12-03,Pogon Szczecin,M,11.26,100,06-30-18,61,82485
Sawyer Baxter,03-23-01,Lechia Gdansk,M,11.68,100,06-30-18,61,82648
Adrian Guerra,01-23-84,Arka Gdynia,M,22.64,200,06-30-18,61,82931
Patrick Key,01-28-02,Pogon Szczecin,M,223.34,1500,06-30-18,61,83115
Vaughan Salas,11-15-84,Wisla Krakowa,M,22.94,200,06-30-18,61,83296
Linda Stephens,05-12-85,Zaglebie Lubin,F,256.06,1500,06-30-18,61,83322
Cameran Warren,01-09-00,Bruk-Bet Termalica Nieciecza,F,13.05,100,06-30-18,61,83408
Keith Kennedy,07-12-80,Lech Poznan,M,11.54,100,06-30-18,61,83427
Brody Harper,12-10-91,Lechia Gdansk,M,110.03,800,06-30-18,61,83433
Mia Greene,04-10-99,Gornik Zabrze,F,55.26,400,06-30-18,61,83469
Jade Boone,05-01-88,Legia Warsawa,F,51.09,400,06-30-18,61,83585
Timothy Ellis,02-10-97,Lech Poznan,M,144.73,1000,06-30-18,61,83668
Lewis Conley,04-06-02,Slask Wroclaw,M,11.65,100,06-30-18,61,83722
Joshua Shepherd,10-26-99,Bruk-Bet Termalica Nieciecza,M,10.85,100,06-30-18,61,83749
April Whitfield,05-06-87,Lech Poznan,F,25.96,200,06-30-18,61,83763
Carol Lucas,07-10-98,Zaglebie Lubin,F,130.58,800,06-30-18,61,83852
Kaitlin Coleman,12-28-85,Wisla Krakowa,F,53.27,400,06-30-18,61,83856
Fitzgerald Webster,04-21-87,Cracovia,M,21.71,200,06-30-18,61,83897
Beck Dejesus,07-13-86,Lech Poznan,M,10.68,100,06-30-18,61,83951
Finn Buck,08-05-96,Piast Gliwice,M,11.58,100,06-30-18,61,84297
Caesar Dunlap,10-25-95,Piast Gliwice,M,146.32,1000,06-30-18,61,84306
Kristen Combs,08-05-88,Pogon Szczecin,F,249.31,1500,06-30-18,61,84692
Ora Finley,12-25-98,Pogon Szczecin,F,194.11,1000,06-30-18,61,84767
Emily Rollins,05-26-89,Wisla Krakowa,F,53.6,400,06-30-18,61,84933
Ezekiel Hendrix,12-18-02,Cracovia,M,12.39,100,06-30-18,61,84998
Francis Sutton,10-16-02,Pogon Szczecin,M,22.66,200,06-30-18,61,85215
Maile Price,04-20-98,Jagiellonia Bialystok,F,13.48,100,06-30-18,61,85260
Murphy Hubbard,08-27-89,Lech Poznan,M,217.43,1500,06-30-18,61,85378
Amy Norman,03-28-02,Slask Wroclaw,F,249.45,1500,06-30-18,61,85404
Vivian Hobbs,10-14-93,Piast Gliwice,F,53.95,400,06-30-18,61,85539
Priscilla Mccray,08-19-93,Bruk-Bet Termalica Nieciecza,F,184.81,1000,06-30-18,61,85541
Steel Cox,12-24-97,Lech Poznan,M,47.29,400,06-30-18,61,85617
Vernon Reeves,07-13-99,Slask Wroclaw,M,21.14,200,06-30-18,61,85638
Chandler Lopez,09-13-81,Pogon Szczecin,M,10.15,100,06-30-18,61,85697
Jaime Parker,11-18-96,Wisla Krakowa,F,14.19,100,06-30-18,61,85834
Blossom Bradshaw,02-26-97,Korona Kielce,F,14.97,100,06-30-18,61,86117
Wyoming Dejesus,06-02-89,Piast Gliwice,F,53.26,400,06-30-18,61,86332
Blossom Bradshaw,02-26-97,Korona Kielce,F,52.11,400,06-30-18,61,86341
Ora Finley,12-25-98,Pogon Szczecin,F,23.21,200,06-30-18,61,86343
Wynne Griffin,02-17-00,Lechia Gdansk,F,128.51,800,06-30-18,61,86434
April Whitfield,05-06-87,Lech Poznan,F,191.61,1000,06-30-18,61,86502
Murphy Hubbard,08-27-89,Lech Poznan,M,20.07,200,06-30-18,61,86542
Ora Finley,12-25-98,Pogon Szczecin,F,12.42,100,06-30-18,61,86931
Rhoda Horton,04-08-93,Slask Wroclaw,F,172.35,1000,06-30-18,61,86967
Sybill Buchanan,07-31-84,Slask Wroclaw,F,13.35,100,06-30-18,61,87026
Inez Goodman,03-31-90,Wisla Krakowa,F,51.24,400,06-30-18,61,87045
Armand David,03-22-98,Piast Gliwice,M,105.95,800,06-30-18,61,87260
Cooper Potts,06-23-84,Pogon Szczecin,M,49.6,400,06-30-18,61,87335
William Kent,09-10-01,Cracovia,M,45.22,400,06-30-18,61,87531
Martina Morse,06-29-01,Zaglebie Lubin,F,249.17,1500,06-30-18,61,87563
Hermione Solomon,09-25-99,Lech Poznan,F,14.09,100,06-30-18,61,87593
Orlando Huffman,06-30-98,Wisla Plock,M,212.87,1500,06-30-18,61,87737
Tanek Ferrell,01-13-01,Sandecja Nowy Sacz,M,150.51,1000,06-30-18,61,87785
Kylan Alvarado,01-03-88,Zaglebie Lubin,F,24.98,200,06-30-18,61,87807
Alan Cunningham,10-06-99,Lech Poznan,M,233.78,1500,06-30-18,61,87817
Lillith Ramirez,10-06-93,Lech Poznan,F,267.7,1500,06-30-18,61,87875
Emi Cobb,11-28-01,Zaglebie Lubin,F,23.6,200,06-30-18,61,88152
Anthony Stafford,11-22-03,Slask Wroclaw,M,12.35,100,06-30-18,61,88436
Kimberly Wade,02-05-97,Legia Warsawa,F,169.21,1000,06-30-18,61,88503
Colin Bird,12-26-89,Sandecja Nowy Sacz,M,12.8,100,06-30-18,61,88649
Brendan Mccormick,09-23-88,Legia Warsawa,M,105.71,800,06-30-18,61,88684
Colt Cortez,08-04-94,Pogon Szczecin,M,22.81,200,06-30-18,61,88743
Merrill Dominguez,07-19-86,Arka Gdynia,M,46.61,400,06-30-18,61,88749
Ferris Gibson,01-25-92,Zaglebie Lubin,M,10.22,100,06-30-18,61,88860
Kameko Dalton,09-19-90,Legia Warsawa,F,55.94,400,06-30-18,61,88894
Finn Buck,08-05-96,Piast Gliwice,M,46.33,400,06-30-18,61,88906
Finn Wyatt,06-27-05,Bruk-Bet Termalica Nieciecza,M,49.78,400,06-30-18,61,88934
Madison Park,02-19-86,Lechia Gdansk,F,132.53,800,06-30-18,61,89033
Tyrone Knight,08-28-81,Cracovia,M,22.96,200,06-30-18,61,89151
Beatrice Spence,04-20-97,Lechia Gdansk,F,133.92,800,06-30-18,61,89210
Hammett George,08-25-92,Arka Gdynia,M,48.18,400,06-30-18,61,89309
Shellie Jacobson,06-09-01,Piast Gliwice,F,12.39,100,06-30-18,61,89431
Sopoline Ferguson,01-07-89,Cracovia,F,131.5,800,06-30-18,61,89432
Amena Thornton,05-17-00,Zaglebie Lubin,F,54.21,400,06-30-18,61,89667
Emily Rollins,05-26-89,Wisla Krakowa,F,23.3,200,06-30-18,61,89834
Basia Craft,07-11-98,Piast Gliwice,F,190.66,1000,06-30-18,61,90027
Macy Guerrero,11-29-86,Jagiellonia Bialystok,F,258.2,1500,06-30-18,61,90084
Alexis Hansen,02-01-92,Sandecja Nowy Sacz,F,12.01,100,06-30-18,61,90103
Brock Duncan,11-05-88,Jagiellonia Bialystok,M,12.23,100,06-30-18,61,90150
Ezekiel Howard,04-25-98,Korona Kielce,M,22.26,200,06-30-18,61,90300
Faith Fuentes,12-24-85,Cracovia,F,24.73,200,06-30-18,61,90305
Shaeleigh Garza,12-15-95,Korona Kielce,F,167.92,1000,06-30-18,61,90316
Anthony Harding,03-06-94,Piast Gliwice,M,11.37,100,06-30-18,61,90397
Chester Waller,08-08-80,Wisla Krakowa,M,143.22,1000,06-30-18,61,90561
Tyrone Harris,03-08-97,Bruk-Bet Termalica Nieciecza,M,156.06,1000,06-30-18,61,90639
Christen Briggs,07-08-01,Wisla Plock,F,253.6,1500,06-30-18,61,90654
Driscoll Jordan,12-18-85,Lechia Gdansk,M,50.12,400,06-30-18,61,90797
Hashim Ballard,09-02-94,Cracovia,M,111.12,800,06-30-18,61,90855
Melvin Yates,08-23-93,Arka Gdynia,M,151.97,1000,06-30-18,61,91162
Shellie Jacobson,06-09-01,Piast Gliwice,F,56.67,400,06-30-18,61,91456
Courtney Wiggins,07-10-02,Lech Poznan,F,13.6,100,06-30-18,61,91479
Erich Joseph,08-25-02,Piast Gliwice,M,112.47,800,06-30-18,61,91569
Orson Petty,07-01-00,Zaglebie Lubin,M,45.68,400,06-30-18,61,91947
Deacon Trujillo,07-02-00,Korona Kielce,M,112.68,800,06-30-18,61,92031
Ciara Sims,09-12-02,Korona Kielce,F,130.28,800,06-30-18,61,92082
Dane Berry,07-22-82,Legia Warsawa,M,148.95,1000,06-30-18,61,92122
Vivian Hobbs,10-14-93,Piast Gliwice,F,24.89,200,06-30-18,61,92249
Kenneth Ewing,08-28-02,Lechia Gdansk,M,12.91,100,06-30-18,61,92263
Blaze Haley,03-01-91,Bruk-Bet Termalica Nieciecza,M,12.3,100,06-30-18,61,92266
Guinevere Mercer,11-14-01,Slask Wroclaw,F,54.64,400,06-30-18,61,92442
Damon George,06-15-82,Pogon Szczecin,M,106.84,800,06-30-18,61,92543
Ivan Roberts,09-16-82,Gornik Zabrze,M,227.77,1500,06-30-18,61,92577
Macaulay Sullivan,10-29-00,Lechia Gdansk,M,109.14,800,06-30-18,61,92596
Hashim Ballard,09-02-94,Cracovia,M,107.2,800,06-30-18,61,92634
Rhonda Mathews,08-13-99,Sandecja Nowy Sacz,F,23.67,200,06-30-18,61,92726
Sigourney Rojas,10-01-88,Gornik Zabrze,F,12.28,100,06-30-18,61,92823
Leo Bishop,12-31-98,Pogon Szczecin,M,144.37,1000,06-30-18,61,92894
Ursa Pennington,05-30-94,Wisla Krakowa,F,52.5,400,06-30-18,61,92911
Warren Ashley,05-26-87,Bruk-Bet Termalica Nieciecza,M,107.89,800,06-30-18,61,93007
Warren Ashley,05-26-87,Bruk-Bet Termalica Nieciecza,M,12.16,100,06-30-18,61,93057
Baker Wilkinson,10-21-93,Slask Wroclaw,M,146.56,1000,06-30-18,61,93088
Lisandra Mcmahon,05-25-85,Korona Kielce,F,14.06,100,06-30-18,61,93112
Laurel Fulton,05-07-94,Jagiellonia Bialystok,F,23.08,200,06-30-18,61,93210
Amy Keith,10-05-95,Korona Kielce,F,172.77,1000,06-30-18,61,93224
Lila Pollard,12-22-91,Lechia Gdansk,F,51.53,400,06-30-18,61,93256
Francis Sutton,10-16-02,Pogon Szczecin,M,105.29,800,06-30-18,61,93323
Quintessa Odom,11-23-99,Lech Poznan,F,186.94,1000,06-30-18,61,93351
Harrison Knox,12-20-80,Legia Warsawa,M,150.82,1000,06-30-18,61,93490
Alyssa Hutchinson,09-22-01,Legia Warsawa,F,25.63,200,06-30-18,61,93568
Anthony Rivas,01-29-00,Lechia Gdansk,M,152.73,1000,06-30-18,61,93707
Wing Sherman,05-05-81,Lechia Gdansk,M,145.53,1000,06-30-18,61,93764
Tanek Ferrell,01-13-01,Sandecja Nowy Sacz,M,109.37,800,06-30-18,61,93785
Hilary Pruitt,02-09-90,Zaglebie Lubin,F,53.08,400,06-30-18,61,93787
Faith Fuentes,12-24-85,Cracovia,F,53.81,400,06-30-18,61,93876
Noelle Thompson,03-04-98,Lech Poznan,F,263.66,1500,06-30-18,61,93949
Rose Montgomery,11-06-00,Wisla Plock,F,182.46,1000,06-30-18,61,94125
Acton Atkinson,07-31-01,Legia Warsawa,M,105.22,800,06-30-18,61,94128
Rachel Lott,06-03-85,Legia Warsawa,F,25.91,200,06-30-18,61,94216
Camille Welch,06-29-83,Pogon Szczecin,F,24.67,200,06-30-18,61,94237
Logan Vaughn,03-16-96,Legia Warsawa,M,221.8,1500,06-30-18,61,94295
Samuel Sharpe,10-20-83,Lech Poznan,M,46.99,400,06-30-18,61,94347
Akeem Tucker,10-12-87,Arka Gdynia,M,226.27,1500,06-30-18,61,94387
Amena Bird,04-16-97,Cracovia,F,23.41,200,06-30-18,61,94572
Wesley Woodward,09-09-95,Legia Warsawa,M,12.36,100,06-30-18,61,94626
Rae Castro,08-16-85,Sandecja Nowy Sacz,F,189.64,1000,06-30-18,61,94914
Jada Whitney,02-15-91,Slask Wroclaw,F,185.66,1000,06-30-18,61,94969
Maile Price,04-20-98,Jagiellonia Bialystok,F,55.66,400,06-30-18,61,95107
Ruth Douglas,04-27-88,Korona Kielce,F,192.76,1000,06-30-18,61,95238
Jacob Kirk,05-13-82,Cracovia,M,113.62,800,06-30-18,61,95261
Mark Welch,07-03-82,Legia Warsawa,M,149.25,1000,06-30-18,61,95379
Ina Massey,09-17-98,Slask Wroclaw,F,14.59,100,06-30-18,61,95466
Oleg Johns,01-03-89,Slask Wroclaw,M,45.7,400,06-30-18,61,95554
Joshua Shepherd,10-26-99,Bruk-Bet Termalica Nieciecza,M,149.04,1000,06-30-18,61,95635
Jason Jones,05-14-94,Zaglebie Lubin,M,11.49,100,06-30-18,61,95870
Nolan Riley,03-26-05,Piast Gliwice,M,144.09,1000,06-30-18,61,95948
Bo Rodriguez,05-02-88,Korona Kielce,F,246.35,1500,06-30-18,61,95972
Uriel Kim,04-24-00,Wisla Krakowa,M,12.29,100,06-30-18,61,96028
Burton Ball,06-12-03,Pogon Szczecin,M,21.46,200,06-30-18,61,96124
Sasha Terry,05-22-97,Jagiellonia Bialystok,F,259.18,1500,06-30-18,61,96287
Ramona Morrow,08-01-97,Pogon Szczecin,F,13.15,100,06-30-18,61,96306
Lyle Lindsey,11-06-92,Piast Gliwice,M,22.69,200,06-30-18,61,96385
Lila Pollard,12-22-91,Lechia Gdansk,F,170.35,1000,06-30-18,61,96557
Connor Rosales,01-04-81,Arka Gdynia,M,22.99,200,06-30-18,61,96609
Dale Skinner,12-20-99,Piast Gliwice,M,157.61,1000,06-30-18,61,96665
Aaron Leon,09-18-89,Zaglebie Lubin,M,11.0,100,06-30-18,61,96776
Xandra Pearson,09-09-89,Jagiellonia Bialystok,F,12.85,100,06-30-18,61,96998
Samuel Sharpe,10-20-83,Lech Poznan,M,156.32,1000,06-30-18,61,97246
Hashim Ball,09-28-98,Lechia Gdansk,M,107.33,800,06-30-18,61,97414
Blaze Haley,03-01-91,Bruk-Bet Termalica Nieciecza,M,156.75,1000,06-30-18,61,97497
Austin Pate,05-21-99,Wisla Plock,M,159.7,1000,06-30-18,61,97720
Scarlett Yang,02-27-89,Wisla Plock,F,23.3,200,06-30-18,61,97728
Lesley Franklin,11-29-01,Lech Poznan,F,129.54,800,06-30-18,61,97750
Erasmus Lang,08-31-04,Lechia Gdansk,M,12.04,100,06-30-18,61,97802
Evan Randolph,02-09-97,Zaglebie Lubin,M,140.82,1000,06-30-18,61,97859
Christian Deleon,07-11-99,Wisla Krakowa,M,226.32,1500,06-30-18,61,98042
Lane Shepherd,04-07-89,Lechia Gdansk,M,11.01,100,06-30-18,61,98087
Allistair Finch,05-26-82,Lech Poznan,M,220.63,1500,06-30-18,61,98166
Wilma Oneill,01-25-93,Korona Kielce,F,135.95,800,06-30-18,61,98393
Ursa Pennington,05-30-94,Wisla Krakowa,F,257.02,1500,06-30-18,61,98473
Halla Ray,04-16-94,Slask Wroclaw,F,51.75,400,06-30-18,61,98790
Jesse Small,02-11-84,Pogon Szczecin,M,20.09,200,06-30-18,61,98849
Constance Jenkins,05-16-87,Lech Poznan,F,269.64,1500,06-30-18,61,98863
Chase Giles,03-06-98,Zaglebie Lubin,M,48.67,400,06-30-18,61,99015
Addison Todd,09-12-83,Wisla Krakowa,M,21.1,200,06-30-18,61,99053
Jaquelyn Alvarado,04-03-93,Slask Wroclaw,F,131.81,800,06-30-18,61,99096
Wayne Wall,03-11-05,Sandecja Nowy Sacz,M,48.91,400,06-30-18,61,99159
Hammett George,08-25-92,Arka Gdynia,M,10.1,100,06-30-18,61,99165
Ramona Morrow,08-01-97,Pogon Szczecin,F,24.92,200,06-30-18,61,99214
Baker Wilkinson,10-21-93,Slask Wroclaw,M,10.29,100,06-30-18,61,99232
Madison Park,02-19-86,Lechia Gdansk,F,192.42,1000,06-30-18,61,99594
Faith Contreras,09-19-91,Piast Gliwice,F,53.08,400,06-30-18,61,99879
